label,area,,,,area
,,,,,
1,0.043061871,0.043061871,6.93375E-06,0.000693375,0.043061871
,,,0,0,
15,0.043061871,0.086123743,1.38675E-05,0.001386751,0.043061871
,,0,0,0,
28,0.043061871,0.129185614,2.08013E-05,0.002080126,0.043061871
,,0,0,0,
42,0.043061871,0.172247485,2.7735E-05,0.002773502,0.043061871
,,0,0,0,
77,0.043061871,0.215309356,3.46688E-05,0.003466877,0.043061871
,,0,0,0,
124,0.043061871,0.258371228,4.16025E-05,0.004160253,0.043061871
,,0,0,0,
143,0.043061871,0.301433099,4.85363E-05,0.004853628,0.043061871
,,0,0,0,
161,0.043061871,0.34449497,5.547E-05,0.005547004,0.043061871
,,0,0,0,
186,0.043061871,0.387556842,6.24038E-05,0.006240379,0.043061871
,,0,0,0,
202,0.043061871,0.430618713,6.93375E-05,0.006933755,0.043061871
,,0,0,0,
207,0.043061871,0.473680584,7.62713E-05,0.00762713,0.043061871
,,0,0,0,
252,0.043061871,0.516742456,8.32051E-05,0.008320506,0.043061871
,,0,0,0,
254,0.043061871,0.559804327,9.01388E-05,0.009013881,0.043061871
,,0,0,0,
259,0.043061871,0.602866198,9.70726E-05,0.009707257,0.043061871
,,0,0,0,
266,0.043061871,0.645928069,0.000104006,0.010400632,0.043061871
,,0,0,0,
268,0.043061871,0.688989941,0.00011094,0.011094008,0.043061871
,,0,0,0,
277,0.043061871,0.732051812,0.000117874,0.011787383,0.043061871
,,0,0,0,
279,0.043061871,0.775113683,0.000124808,0.012480759,0.043061871
,,0,0,0,
368,0.043061871,0.818175555,0.000131741,0.013174134,0.043061871
,,0,0,0,
561,0.043061871,0.861237426,0.000138675,0.01386751,0.043061871
,,0,0,0,
588,0.043061871,0.904299297,0.000145609,0.014560885,0.043061871
,,0,0,0,
630,0.043061871,0.947361169,0.000152543,0.015254261,0.043061871
,,0,0,0,
652,0.043061871,0.99042304,0.000159476,0.015947636,0.043061871
,,0,0,0,
679,0.043061871,1.033484911,0.00016641,0.016641012,0.043061871
,,0,0,0,
682,0.043061871,1.076546782,0.000173344,0.017334387,0.043061871
,,0,0,0,
688,0.043061871,1.119608654,0.000180278,0.018027763,0.043061871
,,0,0,0,
741,0.043061871,1.162670525,0.000187211,0.018721138,0.043061871
,,0,0,0,
774,0.043061871,1.205732396,0.000194145,0.019414514,0.043061871
,,0,0,0,
789,0.043061871,1.248794268,0.000201079,0.020107889,0.043061871
,,0,0,0,
790,0.043061871,1.291856139,0.000208013,0.020801265,0.043061871
,,0,0,0,
830,0.043061871,1.33491801,0.000214946,0.02149464,0.043061871
,,0,0,0,
836,0.043061871,1.377979881,0.00022188,0.022188016,0.043061871
,,0,0,0,
845,0.043061871,1.421041753,0.000228814,0.022881391,0.043061871
,,0,0,0,
858,0.043061871,1.464103624,0.000235748,0.023574767,0.043061871
,,0,0,0,
872,0.043061871,1.507165495,0.000242681,0.024268142,0.043061871
,,0,0,0,
948,0.043061871,1.550227367,0.000249615,0.024961518,0.043061871
,,0,0,0,
1000,0.043061871,1.593289238,0.000256549,0.025654893,0.043061871
,,0,0,0,
1010,0.043061871,1.636351109,0.000263483,0.026348269,0.043061871
,,0,0,0,
1034,0.043061871,1.679412981,0.000270416,0.027041644,0.043061871
,,0,0,0,
1042,0.043061871,1.722474852,0.00027735,0.02773502,0.043061871
,,0,0,0,
1114,0.043061871,1.765536723,0.000284284,0.028428395,0.043061871
,,0,0,0,
1133,0.043061871,1.808598594,0.000291218,0.029121771,0.043061871
,,0,0,0,
1138,0.043061871,1.851660466,0.000298151,0.029815146,0.043061871
,,0,0,0,
1142,0.043061871,1.894722337,0.000305085,0.030508522,0.043061871
,,0,0,0,
1154,0.043061871,1.937784208,0.000312019,0.031201897,0.043061871
,,0,0,0,
1182,0.043061871,1.98084608,0.000318953,0.031895273,0.043061871
,,0,0,0,
1227,0.043061871,2.023907951,0.000325886,0.032588648,0.043061871
,,0,0,0,
80,0.086123743,2.110031694,0.000339754,0.033975399,0.086123743
,,0,0,0,
107,0.086123743,2.196155436,0.000353622,0.03536215,0.086123743
,,0,0,0,
111,0.086123743,2.282279179,0.000367489,0.036748901,0.086123743
,,0,0,0,
131,0.086123743,2.368402921,0.000381357,0.038135652,0.086123743
,,0,0,0,
141,0.086123743,2.454526664,0.000395224,0.039522403,0.086123743
,,0,0,0,
162,0.086123743,2.540650407,0.000409092,0.040909154,0.086123743
,,0,0,0,
196,0.086123743,2.626774149,0.000422959,0.042295905,0.086123743
,,0,0,0,
208,0.086123743,2.712897892,0.000436827,0.043682656,0.086123743
,,0,0,0,
214,0.086123743,2.799021634,0.000450694,0.045069407,0.086123743
,,0,0,0,
216,0.086123743,2.885145377,0.000464562,0.046456158,0.086123743
,,0,0,0,
221,0.086123743,2.971269119,0.000478429,0.047842909,0.086123743
,,0,0,0,
267,0.086123743,3.057392862,0.000492297,0.04922966,0.086123743
,,0,0,0,
319,0.086123743,3.143516605,0.000506164,0.050616411,0.086123743
,,0,0,0,
322,0.086123743,3.229640347,0.000520032,0.052003162,0.086123743
,,0,0,0,
332,0.086123743,3.31576409,0.000533899,0.053389913,0.086123743
,,0,0,0,
337,0.086123743,3.401887832,0.000547767,0.054776664,0.086123743
,,0,0,0,
341,0.086123743,3.488011575,0.000561634,0.056163415,0.086123743
,,0,0,0,
391,0.086123743,3.574135318,0.000575502,0.057550166,0.086123743
,,0,0,0,
410,0.086123743,3.66025906,0.000589369,0.058936917,0.086123743
,,0,0,0,
428,0.086123743,3.746382803,0.000603237,0.060323668,0.086123743
,,0,0,0,
447,0.086123743,3.832506545,0.000617104,0.061710419,0.086123743
,,0,0,0,
459,0.086123743,3.918630288,0.000630972,0.06309717,0.086123743
,,0,0,0,
468,0.086123743,4.004754031,0.000644839,0.064483921,0.086123743
,,0,0,0,
493,0.086123743,4.090877773,0.000658707,0.065870672,0.086123743
,,0,0,0,
500,0.086123743,4.177001516,0.000672574,0.067257423,0.086123743
,,0,0,0,
517,0.086123743,4.263125258,0.000686442,0.068644174,0.086123743
,,0,0,0,
566,0.086123743,4.349249001,0.000700309,0.070030925,0.086123743
,,0,0,0,
571,0.086123743,4.435372744,0.000714177,0.071417676,0.086123743
,,0,0,0,
573,0.086123743,4.521496486,0.000728044,0.072804427,0.086123743
,,0,0,0,
585,0.086123743,4.607620229,0.000741912,0.074191177,0.086123743
,,0,0,0,
591,0.086123743,4.693743971,0.000755779,0.075577928,0.086123743
,,0,0,0,
593,0.086123743,4.779867714,0.000769647,0.076964679,0.086123743
,,0,0,0,
596,0.086123743,4.865991457,0.000783514,0.07835143,0.086123743
,,0,0,0,
604,0.086123743,4.952115199,0.000797382,0.079738181,0.086123743
,,0,0,0,
610,0.086123743,5.038238942,0.000811249,0.081124932,0.086123743
,,0,0,0,
620,0.086123743,5.124362684,0.000825117,0.082511683,0.086123743
,,0,0,0,
633,0.086123743,5.210486427,0.000838984,0.083898434,0.086123743
,,0,0,0,
635,0.086123743,5.296610169,0.000852852,0.085285185,0.086123743
,,0,0,0,
657,0.086123743,5.382733912,0.000866719,0.086671936,0.086123743
,,0,0,0,
664,0.086123743,5.468857655,0.000880587,0.088058687,0.086123743
,,0,0,0,
671,0.086123743,5.554981397,0.000894454,0.089445438,0.086123743
,,0,0,0,
674,0.086123743,5.64110514,0.000908322,0.090832189,0.086123743
,,0,0,0,
684,0.086123743,5.727228882,0.000922189,0.09221894,0.086123743
,,0,0,0,
695,0.086123743,5.813352625,0.000936057,0.093605691,0.086123743
,,0,0,0,
699,0.086123743,5.899476368,0.000949924,0.094992442,0.086123743
,,0,0,0,
700,0.086123743,5.98560011,0.000963792,0.096379193,0.086123743
,,0,0,0,
701,0.086123743,6.071723853,0.000977659,0.097765944,0.086123743
,,0,0,0,
707,0.086123743,6.157847595,0.000991527,0.099152695,0.086123743
,,0,0,0,
727,0.086123743,6.243971338,0.001005394,0.100539446,0.086123743
,,0,0,0,
729,0.086123743,6.330095081,0.001019262,0.101926197,0.086123743
,,0,0,0,
736,0.086123743,6.416218823,0.001033129,0.103312948,0.086123743
,,0,0,0,
747,0.086123743,6.502342566,0.001046997,0.104699699,0.086123743
,,0,0,0,
752,0.086123743,6.588466308,0.001060865,0.10608645,0.086123743
,,0,0,0,
753,0.086123743,6.674590051,0.001074732,0.107473201,0.086123743
,,0,0,0,
757,0.086123743,6.760713794,0.0010886,0.108859952,0.086123743
,,0,0,0,
785,0.086123743,6.846837536,0.001102467,0.110246703,0.086123743
,,0,0,0,
788,0.086123743,6.932961279,0.001116335,0.111633454,0.086123743
,,0,0,0,
794,0.086123743,7.019085021,0.001130202,0.113020205,0.086123743
,,0,0,0,
798,0.086123743,7.105208764,0.00114407,0.114406956,0.086123743
,,0,0,0,
808,0.086123743,7.191332507,0.001157937,0.115793707,0.086123743
,,0,0,0,
854,0.086123743,7.277456249,0.001171805,0.117180458,0.086123743
,,0,0,0,
878,0.086123743,7.363579992,0.001185672,0.118567209,0.086123743
,,0,0,0,
881,0.086123743,7.449703734,0.00119954,0.11995396,0.086123743
,,0,0,0,
901,0.086123743,7.535827477,0.001213407,0.121340711,0.086123743
,,0,0,0,
919,0.086123743,7.62195122,0.001227275,0.122727462,0.086123743
,,0,0,0,
937,0.086123743,7.708074962,0.001241142,0.124114213,0.086123743
,,0,0,0,
943,0.086123743,7.794198705,0.00125501,0.125500964,0.086123743
,,0,0,0,
946,0.086123743,7.880322447,0.001268877,0.126887715,0.086123743
,,0,0,0,
961,0.086123743,7.96644619,0.001282745,0.128274466,0.086123743
,,0,0,0,
969,0.086123743,8.052569932,0.001296612,0.129661217,0.086123743
,,0,0,0,
984,0.086123743,8.138693675,0.00131048,0.131047968,0.086123743
,,0,0,0,
985,0.086123743,8.224817418,0.001324347,0.132434719,0.086123743
,,0,0,0,
997,0.086123743,8.31094116,0.001338215,0.13382147,0.086123743
,,0,0,0,
1005,0.086123743,8.397064903,0.001352082,0.135208221,0.086123743
,,0,0,0,
1054,0.086123743,8.483188645,0.00136595,0.136594972,0.086123743
,,0,0,0,
1103,0.086123743,8.569312388,0.001379817,0.137981723,0.086123743
,,0,0,0,
1104,0.086123743,8.655436131,0.001393685,0.139368474,0.086123743
,,0,0,0,
1127,0.086123743,8.741559873,0.001407552,0.140755225,0.086123743
,,0,0,0,
1135,0.086123743,8.827683616,0.00142142,0.142141976,0.086123743
,,0,0,0,
1153,0.086123743,8.913807358,0.001435287,0.143528727,0.086123743
,,0,0,0,
1161,0.086123743,8.999931101,0.001449155,0.144915478,0.086123743
,,0,0,0,
1167,0.086123743,9.086054844,0.001463022,0.146302229,0.086123743
,,0,0,0,
1171,0.086123743,9.172178586,0.00147689,0.147688979,0.086123743
,,0,0,0,
1172,0.086123743,9.258302329,0.001490757,0.14907573,0.086123743
,,0,0,0,
1191,0.086123743,9.344426071,0.001504625,0.150462481,0.086123743
,,0,0,0,
1208,0.086123743,9.430549814,0.001518492,0.151849232,0.086123743
,,0,0,0,
1229,0.086123743,9.516673557,0.00153236,0.153235983,0.086123743
,,0,0,0,
1240,0.086123743,9.602797299,0.001546227,0.154622734,0.086123743
,,0,0,0,
1249,0.086123743,9.688921042,0.001560095,0.156009485,0.086123743
,,0,0,0,
12,0.129185614,9.818106656,0.001580896,0.158089612,0.129185614
,,0,0,0,
41,0.129185614,9.94729227,0.001601697,0.160169738,0.129185614
,,0,0,0,
64,0.129185614,10.07647788,0.001622499,0.162249865,0.129185614
,,0,0,0,
73,0.129185614,10.2056635,0.0016433,0.164329991,0.129185614
,,0,0,0,
126,0.129185614,10.33484911,0.001664101,0.166410118,0.129185614
,,0,0,0,
132,0.129185614,10.46403473,0.001684902,0.168490244,0.129185614
,,0,0,0,
151,0.129185614,10.59322034,0.001705704,0.170570371,0.129185614
,,0,0,0,
183,0.129185614,10.72240595,0.001726505,0.172650497,0.129185614
,,0,0,0,
219,0.129185614,10.85159157,0.001747306,0.174730624,0.129185614
,,0,0,0,
229,0.129185614,10.98077718,0.001768108,0.17681075,0.129185614
,,0,0,0,
239,0.129185614,11.10996279,0.001788909,0.178890877,0.129185614
,,0,0,0,
249,0.129185614,11.23914841,0.00180971,0.180971003,0.129185614
,,0,0,0,
284,0.129185614,11.36833402,0.001830511,0.18305113,0.129185614
,,0,0,0,
288,0.129185614,11.49751964,0.001851313,0.185131256,0.129185614
,,0,0,0,
301,0.129185614,11.62670525,0.001872114,0.187211382,0.129185614
,,0,0,0,
314,0.129185614,11.75589086,0.001892915,0.189291509,0.129185614
,,0,0,0,
339,0.129185614,11.88507648,0.001913716,0.191371635,0.129185614
,,0,0,0,
372,0.129185614,12.01426209,0.001934518,0.193451762,0.129185614
,,0,0,0,
427,0.129185614,12.14344771,0.001955319,0.195531888,0.129185614
,,0,0,0,
441,0.129185614,12.27263332,0.00197612,0.197612015,0.129185614
,,0,0,0,
542,0.129185614,12.40181893,0.001996921,0.199692141,0.129185614
,,0,0,0,
563,0.129185614,12.53100455,0.002017723,0.201772268,0.129185614
,,0,0,0,
569,0.129185614,12.66019016,0.002038524,0.203852394,0.129185614
,,0,0,0,
598,0.129185614,12.78937578,0.002059325,0.205932521,0.129185614
,,0,0,0,
609,0.129185614,12.91856139,0.002080126,0.208012647,0.129185614
,,0,0,0,
624,0.129185614,13.047747,0.002100928,0.210092774,0.129185614
,,0,0,0,
629,0.129185614,13.17693262,0.002121729,0.2121729,0.129185614
,,0,0,0,
690,0.129185614,13.30611823,0.00214253,0.214253027,0.129185614
,,0,0,0,
697,0.129185614,13.43530384,0.002163332,0.216333153,0.129185614
,,0,0,0,
739,0.129185614,13.56448946,0.002184133,0.21841328,0.129185614
,,0,0,0,
781,0.129185614,13.69367507,0.002204934,0.220493406,0.129185614
,,0,0,0,
802,0.129185614,13.82286069,0.002225735,0.222573532,0.129185614
,,0,0,0,
803,0.129185614,13.9520463,0.002246537,0.224653659,0.129185614
,,0,0,0,
804,0.129185614,14.08123191,0.002267338,0.226733785,0.129185614
,,0,0,0,
843,0.129185614,14.21041753,0.002288139,0.228813912,0.129185614
,,0,0,0,
865,0.129185614,14.33960314,0.00230894,0.230894038,0.129185614
,,0,0,0,
871,0.129185614,14.46878876,0.002329742,0.232974165,0.129185614
,,0,0,0,
917,0.129185614,14.59797437,0.002350543,0.235054291,0.129185614
,,0,0,0,
963,0.129185614,14.72715998,0.002371344,0.237134418,0.129185614
,,0,0,0,
974,0.129185614,14.8563456,0.002392145,0.239214544,0.129185614
,,0,0,0,
978,0.129185614,14.98553121,0.002412947,0.241294671,0.129185614
,,0,0,0,
1012,0.129185614,15.11471683,0.002433748,0.243374797,0.129185614
,,0,0,0,
1022,0.129185614,15.24390244,0.002454549,0.245454924,0.129185614
,,0,0,0,
1031,0.129185614,15.37308805,0.002475351,0.24753505,0.129185614
,,0,0,0,
1035,0.129185614,15.50227367,0.002496152,0.249615177,0.129185614
,,0,0,0,
1056,0.129185614,15.63145928,0.002516953,0.251695303,0.129185614
,,0,0,0,
1073,0.129185614,15.76064489,0.002537754,0.25377543,0.129185614
,,0,0,0,
1079,0.129185614,15.88983051,0.002558556,0.255855556,0.129185614
,,0,0,0,
1081,0.129185614,16.01901612,0.002579357,0.257935682,0.129185614
,,0,0,0,
1106,0.129185614,16.14820174,0.002600158,0.260015809,0.129185614
,,0,0,0,
1119,0.129185614,16.27738735,0.002620959,0.262095935,0.129185614
,,0,0,0,
1130,0.129185614,16.40657296,0.002641761,0.264176062,0.129185614
,,0,0,0,
1136,0.129185614,16.53575858,0.002662562,0.266256188,0.129185614
,,0,0,0,
1155,0.129185614,16.66494419,0.002683363,0.268336315,0.129185614
,,0,0,0,
1228,0.129185614,16.79412981,0.002704164,0.270416441,0.129185614
,,0,0,0,
1233,0.129185614,16.92331542,0.002724966,0.272496568,0.129185614
,,0,0,0,
1255,0.129185614,17.05250103,0.002745767,0.274576694,0.129185614
,,0,0,0,
2,0.172247485,17.22474852,0.002773502,0.277350196,0.172247485
,,0,0,0,
8,0.172247485,17.396996,0.002801237,0.280123698,0.172247485
,,0,0,0,
23,0.172247485,17.56924349,0.002828972,0.2828972,0.172247485
,,0,0,0,
84,0.172247485,17.74149097,0.002856707,0.285670702,0.172247485
,,0,0,0,
90,0.172247485,17.91373846,0.002884442,0.288444204,0.172247485
,,0,0,0,
95,0.172247485,18.08598594,0.002912177,0.291217706,0.172247485
,,0,0,0,
101,0.172247485,18.25823343,0.002939912,0.293991208,0.172247485
,,0,0,0,
102,0.172247485,18.43048091,0.002967647,0.29676471,0.172247485
,,0,0,0,
197,0.172247485,18.6027284,0.002995382,0.299538212,0.172247485
,,0,0,0,
211,0.172247485,18.77497589,0.003023117,0.302311714,0.172247485
,,0,0,0,
218,0.172247485,18.94722337,0.003050852,0.305085216,0.172247485
,,0,0,0,
236,0.172247485,19.11947086,0.003078587,0.307858718,0.172247485
,,0,0,0,
243,0.172247485,19.29171834,0.003106322,0.31063222,0.172247485
,,0,0,0,
244,0.172247485,19.46396583,0.003134057,0.313405722,0.172247485
,,0,0,0,
261,0.172247485,19.63621331,0.003161792,0.316179224,0.172247485
,,0,0,0,
265,0.172247485,19.8084608,0.003189527,0.318952726,0.172247485
,,0,0,0,
294,0.172247485,19.98070828,0.003217262,0.321726228,0.172247485
,,0,0,0,
295,0.172247485,20.15295577,0.003244997,0.32449973,0.172247485
,,0,0,0,
296,0.172247485,20.32520325,0.003272732,0.327273232,0.172247485
,,0,0,0,
299,0.172247485,20.49745074,0.003300467,0.330046734,0.172247485
,,0,0,0,
320,0.172247485,20.66969822,0.003328202,0.332820235,0.172247485
,,0,0,0,
331,0.172247485,20.84194571,0.003355937,0.335593737,0.172247485
,,0,0,0,
388,0.172247485,21.01419319,0.003383672,0.338367239,0.172247485
,,0,0,0,
407,0.172247485,21.18644068,0.003411407,0.341140741,0.172247485
,,0,0,0,
423,0.172247485,21.35868816,0.003439142,0.343914243,0.172247485
,,0,0,0,
432,0.172247485,21.53093565,0.003466877,0.346687745,0.172247485
,,0,0,0,
451,0.172247485,21.70318313,0.003494612,0.349461247,0.172247485
,,0,0,0,
454,0.172247485,21.87543062,0.003522347,0.352234749,0.172247485
,,0,0,0,
455,0.172247485,22.0476781,0.003550083,0.355008251,0.172247485
,,0,0,0,
466,0.172247485,22.21992559,0.003577818,0.357781753,0.172247485
,,0,0,0,
471,0.172247485,22.39217307,0.003605553,0.360555255,0.172247485
,,0,0,0,
489,0.172247485,22.56442056,0.003633288,0.363328757,0.172247485
,,0,0,0,
496,0.172247485,22.73666804,0.003661023,0.366102259,0.172247485
,,0,0,0,
509,0.172247485,22.90891553,0.003688758,0.368875761,0.172247485
,,0,0,0,
526,0.172247485,23.08116302,0.003716493,0.371649263,0.172247485
,,0,0,0,
529,0.172247485,23.2534105,0.003744228,0.374422765,0.172247485
,,0,0,0,
541,0.172247485,23.42565799,0.003771963,0.377196267,0.172247485
,,0,0,0,
554,0.172247485,23.59790547,0.003799698,0.379969769,0.172247485
,,0,0,0,
578,0.172247485,23.77015296,0.003827433,0.382743271,0.172247485
,,0,0,0,
582,0.172247485,23.94240044,0.003855168,0.385516773,0.172247485
,,0,0,0,
647,0.172247485,24.11464793,0.003882903,0.388290275,0.172247485
,,0,0,0,
703,0.172247485,24.28689541,0.003910638,0.391063777,0.172247485
,,0,0,0,
726,0.172247485,24.4591429,0.003938373,0.393837279,0.172247485
,,0,0,0,
732,0.172247485,24.63139038,0.003966108,0.396610781,0.172247485
,,0,0,0,
745,0.172247485,24.80363787,0.003993843,0.399384283,0.172247485
,,0,0,0,
761,0.172247485,24.97588535,0.004021578,0.402157785,0.172247485
,,0,0,0,
771,0.172247485,25.14813284,0.004049313,0.404931286,0.172247485
,,0,0,0,
777,0.172247485,25.32038032,0.004077048,0.407704788,0.172247485
,,0,0,0,
778,0.172247485,25.49262781,0.004104783,0.41047829,0.172247485
,,0,0,0,
780,0.172247485,25.66487529,0.004132518,0.413251792,0.172247485
,,0,0,0,
787,0.172247485,25.83712278,0.004160253,0.416025294,0.172247485
,,0,0,0,
825,0.172247485,26.00937026,0.004187988,0.418798796,0.172247485
,,0,0,0,
840,0.172247485,26.18161775,0.004215723,0.421572298,0.172247485
,,0,0,0,
842,0.172247485,26.35386523,0.004243458,0.4243458,0.172247485
,,0,0,0,
853,0.172247485,26.52611272,0.004271193,0.427119302,0.172247485
,,0,0,0,
886,0.172247485,26.6983602,0.004298928,0.429892804,0.172247485
,,0,0,0,
890,0.172247485,26.87060769,0.004326663,0.432666306,0.172247485
,,0,0,0,
897,0.172247485,27.04285517,0.004354398,0.435439808,0.172247485
,,0,0,0,
900,0.172247485,27.21510266,0.004382133,0.43821331,0.172247485
,,0,0,0,
913,0.172247485,27.38735014,0.004409868,0.440986812,0.172247485
,,0,0,0,
944,0.172247485,27.55959763,0.004437603,0.443760314,0.172247485
,,0,0,0,
964,0.172247485,27.73184512,0.004465338,0.446533816,0.172247485
,,0,0,0,
995,0.172247485,27.9040926,0.004493073,0.449307318,0.172247485
,,0,0,0,
1030,0.172247485,28.07634009,0.004520808,0.45208082,0.172247485
,,0,0,0,
1032,0.172247485,28.24858757,0.004548543,0.454854322,0.172247485
,,0,0,0,
1058,0.172247485,28.42083506,0.004576278,0.457627824,0.172247485
,,0,0,0,
1060,0.172247485,28.59308254,0.004604013,0.460401326,0.172247485
,,0,0,0,
1062,0.172247485,28.76533003,0.004631748,0.463174828,0.172247485
,,0,0,0,
1067,0.172247485,28.93757751,0.004659483,0.46594833,0.172247485
,,0,0,0,
1071,0.172247485,29.109825,0.004687218,0.468721832,0.172247485
,,0,0,0,
1091,0.172247485,29.28207248,0.004714953,0.471495334,0.172247485
,,0,0,0,
1115,0.172247485,29.45431997,0.004742688,0.474268836,0.172247485
,,0,0,0,
1117,0.172247485,29.62656745,0.004770423,0.477042338,0.172247485
,,0,0,0,
1121,0.172247485,29.79881494,0.004798158,0.479815839,0.172247485
,,0,0,0,
1131,0.172247485,29.97106242,0.004825893,0.482589341,0.172247485
,,0,0,0,
1176,0.172247485,30.14330991,0.004853628,0.485362843,0.172247485
,,0,0,0,
1213,0.172247485,30.31555739,0.004881363,0.488136345,0.172247485
,,0,0,0,
1220,0.172247485,30.48780488,0.004909098,0.490909847,0.172247485
,,0,0,0,
1230,0.172247485,30.66005236,0.004936833,0.493683349,0.172247485
,,0,0,0,
116,0.215309356,30.87536172,0.004971502,0.497150227,0.215309356
,,0,0,0,
139,0.215309356,31.09067108,0.005006171,0.500617104,0.215309356
,,0,0,0,
200,0.215309356,31.30598043,0.00504084,0.504083982,0.215309356
,,0,0,0,
248,0.215309356,31.52128979,0.005075509,0.507550859,0.215309356
,,0,0,0,
297,0.215309356,31.73659915,0.005110177,0.511017737,0.215309356
,,0,0,0,
311,0.215309356,31.9519085,0.005144846,0.514484614,0.215309356
,,0,0,0,
371,0.215309356,32.16721786,0.005179515,0.517951491,0.215309356
,,0,0,0,
386,0.215309356,32.38252722,0.005214184,0.521418369,0.215309356
,,0,0,0,
392,0.215309356,32.59783657,0.005248852,0.524885246,0.215309356
,,0,0,0,
412,0.215309356,32.81314593,0.005283521,0.528352124,0.215309356
,,0,0,0,
417,0.215309356,33.02845528,0.00531819,0.531819001,0.215309356
,,0,0,0,
480,0.215309356,33.24376464,0.005352859,0.535285879,0.215309356
,,0,0,0,
514,0.215309356,33.459074,0.005387528,0.538752756,0.215309356
,,0,0,0,
527,0.215309356,33.67438335,0.005422196,0.542219634,0.215309356
,,0,0,0,
534,0.215309356,33.88969271,0.005456865,0.545686511,0.215309356
,,0,0,0,
577,0.215309356,34.10500207,0.005491534,0.549153389,0.215309356
,,0,0,0,
641,0.215309356,34.32031142,0.005526203,0.552620266,0.215309356
,,0,0,0,
642,0.215309356,34.53562078,0.005560871,0.556087143,0.215309356
,,0,0,0,
653,0.215309356,34.75093014,0.00559554,0.559554021,0.215309356
,,0,0,0,
655,0.215309356,34.96623949,0.005630209,0.563020898,0.215309356
,,0,0,0,
711,0.215309356,35.18154885,0.005664878,0.566487776,0.215309356
,,0,0,0,
713,0.215309356,35.39685821,0.005699547,0.569954653,0.215309356
,,0,0,0,
722,0.215309356,35.61216756,0.005734215,0.573421531,0.215309356
,,0,0,0,
754,0.215309356,35.82747692,0.005768884,0.576888408,0.215309356
,,0,0,0,
762,0.215309356,36.04278628,0.005803553,0.580355286,0.215309356
,,0,0,0,
767,0.215309356,36.25809563,0.005838222,0.583822163,0.215309356
,,0,0,0,
775,0.215309356,36.47340499,0.00587289,0.587289041,0.215309356
,,0,0,0,
783,0.215309356,36.68871434,0.005907559,0.590755918,0.215309356
,,0,0,0,
797,0.215309356,36.9040237,0.005942228,0.594222795,0.215309356
,,0,0,0,
807,0.215309356,37.11933306,0.005976897,0.597689673,0.215309356
,,0,0,0,
822,0.215309356,37.33464241,0.006011566,0.60115655,0.215309356
,,0,0,0,
869,0.215309356,37.54995177,0.006046234,0.604623428,0.215309356
,,0,0,0,
885,0.215309356,37.76526113,0.006080903,0.608090305,0.215309356
,,0,0,0,
899,0.215309356,37.98057048,0.006115572,0.611557183,0.215309356
,,0,0,0,
906,0.215309356,38.19587984,0.006150241,0.61502406,0.215309356
,,0,0,0,
933,0.215309356,38.4111892,0.006184909,0.618490938,0.215309356
,,0,0,0,
947,0.215309356,38.62649855,0.006219578,0.621957815,0.215309356
,,0,0,0,
960,0.215309356,38.84180791,0.006254247,0.625424692,0.215309356
,,0,0,0,
965,0.215309356,39.05711727,0.006288916,0.62889157,0.215309356
,,0,0,0,
966,0.215309356,39.27242662,0.006323584,0.632358447,0.215309356
,,0,0,0,
972,0.215309356,39.48773598,0.006358253,0.635825325,0.215309356
,,0,0,0,
975,0.215309356,39.70304534,0.006392922,0.639292202,0.215309356
,,0,0,0,
1003,0.215309356,39.91835469,0.006427591,0.64275908,0.215309356
,,0,0,0,
1105,0.215309356,40.13366405,0.00646226,0.646225957,0.215309356
,,0,0,0,
1116,0.215309356,40.3489734,0.006496928,0.649692835,0.215309356
,,0,0,0,
1128,0.215309356,40.56428276,0.006531597,0.653159712,0.215309356
,,0,0,0,
1181,0.215309356,40.77959212,0.006566266,0.65662659,0.215309356
,,0,0,0,
1246,0.215309356,40.99490147,0.006600935,0.660093467,0.215309356
,,0,0,0,
70,0.258371228,41.2532727,0.006642537,0.66425372,0.258371228
,,0,0,0,
82,0.258371228,41.51164393,0.00668414,0.668413973,0.258371228
,,0,0,0,
108,0.258371228,41.77001516,0.006725742,0.672574226,0.258371228
,,0,0,0,
118,0.258371228,42.02838639,0.006767345,0.676734479,0.258371228
,,0,0,0,
137,0.258371228,42.28675761,0.006808947,0.680894732,0.258371228
,,0,0,0,
158,0.258371228,42.54512884,0.00685055,0.685054985,0.258371228
,,0,0,0,
159,0.258371228,42.80350007,0.006892152,0.689215238,0.258371228
,,0,0,0,
173,0.258371228,43.0618713,0.006933755,0.693375491,0.258371228
,,0,0,0,
192,0.258371228,43.32024252,0.006975357,0.697535744,0.258371228
,,0,0,0,
231,0.258371228,43.57861375,0.00701696,0.701695996,0.258371228
,,0,0,0,
238,0.258371228,43.83698498,0.007058562,0.705856249,0.258371228
,,0,0,0,
240,0.258371228,44.09535621,0.007100165,0.710016502,0.258371228
,,0,0,0,
242,0.258371228,44.35372744,0.007141768,0.714176755,0.258371228
,,0,0,0,
262,0.258371228,44.61209866,0.00718337,0.718337008,0.258371228
,,0,0,0,
308,0.258371228,44.87046989,0.007224973,0.722497261,0.258371228
,,0,0,0,
316,0.258371228,45.12884112,0.007266575,0.726657514,0.258371228
,,0,0,0,
347,0.258371228,45.38721235,0.007308178,0.730817767,0.258371228
,,0,0,0,
350,0.258371228,45.64558357,0.00734978,0.73497802,0.258371228
,,0,0,0,
356,0.258371228,45.9039548,0.007391383,0.739138273,0.258371228
,,0,0,0,
365,0.258371228,46.16232603,0.007432985,0.743298526,0.258371228
,,0,0,0,
399,0.258371228,46.42069726,0.007474588,0.747458779,0.258371228
,,0,0,0,
403,0.258371228,46.67906849,0.00751619,0.751619032,0.258371228
,,0,0,0,
416,0.258371228,46.93743971,0.007557793,0.755779285,0.258371228
,,0,0,0,
464,0.258371228,47.19581094,0.007599395,0.759939538,0.258371228
,,0,0,0,
479,0.258371228,47.45418217,0.007640998,0.764099791,0.258371228
,,0,0,0,
483,0.258371228,47.7125534,0.0076826,0.768260044,0.258371228
,,0,0,0,
491,0.258371228,47.97092462,0.007724203,0.772420296,0.258371228
,,0,0,0,
506,0.258371228,48.22929585,0.007765805,0.776580549,0.258371228
,,0,0,0,
524,0.258371228,48.48766708,0.007807408,0.780740802,0.258371228
,,0,0,0,
537,0.258371228,48.74603831,0.007849011,0.784901055,0.258371228
,,0,0,0,
589,0.258371228,49.00440954,0.007890613,0.789061308,0.258371228
,,0,0,0,
617,0.258371228,49.26278076,0.007932216,0.793221561,0.258371228
,,0,0,0,
619,0.258371228,49.52115199,0.007973818,0.797381814,0.258371228
,,0,0,0,
683,0.258371228,49.77952322,0.008015421,0.801542067,0.258371228
,,0,0,0,
698,0.258371228,50.03789445,0.008057023,0.80570232,0.258371228
,,0,0,0,
720,0.258371228,50.29626567,0.008098626,0.809862573,0.258371228
,,0,0,0,
737,0.258371228,50.5546369,0.008140228,0.814022826,0.258371228
,,0,0,0,
749,0.258371228,50.81300813,0.008181831,0.818183079,0.258371228
,,0,0,0,
801,0.258371228,51.07137936,0.008223433,0.822343332,0.258371228
,,0,0,0,
815,0.258371228,51.32975059,0.008265036,0.826503585,0.258371228
,,0,0,0,
824,0.258371228,51.58812181,0.008306638,0.830663838,0.258371228
,,0,0,0,
827,0.258371228,51.84649304,0.008348241,0.834824091,0.258371228
,,0,0,0,
831,0.258371228,52.10486427,0.008389843,0.838984344,0.258371228
,,0,0,0,
927,0.258371228,52.3632355,0.008431446,0.843144597,0.258371228
,,0,0,0,
930,0.258371228,52.62160672,0.008473048,0.847304849,0.258371228
,,0,0,0,
932,0.258371228,52.87997795,0.008514651,0.851465102,0.258371228
,,0,0,0,
945,0.258371228,53.13834918,0.008556254,0.855625355,0.258371228
,,0,0,0,
982,0.258371228,53.39672041,0.008597856,0.859785608,0.258371228
,,0,0,0,
983,0.258371228,53.65509164,0.008639459,0.863945861,0.258371228
,,0,0,0,
1002,0.258371228,53.91346286,0.008681061,0.868106114,0.258371228
,,0,0,0,
1009,0.258371228,54.17183409,0.008722664,0.872266367,0.258371228
,,0,0,0,
1047,0.258371228,54.43020532,0.008764266,0.87642662,0.258371228
,,0,0,0,
1063,0.258371228,54.68857655,0.008805869,0.880586873,0.258371228
,,0,0,0,
1064,0.258371228,54.94694777,0.008847471,0.884747126,0.258371228
,,0,0,0,
1084,0.258371228,55.205319,0.008889074,0.888907379,0.258371228
,,0,0,0,
1101,0.258371228,55.46369023,0.008930676,0.893067632,0.258371228
,,0,0,0,
1124,0.258371228,55.72206146,0.008972279,0.897227885,0.258371228
,,0,0,0,
1125,0.258371228,55.98043269,0.009013881,0.901388138,0.258371228
,,0,0,0,
1144,0.258371228,56.23880391,0.009055484,0.905548391,0.258371228
,,0,0,0,
1157,0.258371228,56.49717514,0.009097086,0.909708644,0.258371228
,,0,0,0,
1175,0.258371228,56.75554637,0.009138689,0.913868897,0.258371228
,,0,0,0,
1188,0.258371228,57.0139176,0.009180291,0.91802915,0.258371228
,,0,0,0,
1196,0.258371228,57.27228882,0.009221894,0.922189402,0.258371228
,,0,0,0,
1215,0.258371228,57.53066005,0.009263497,0.926349655,0.258371228
,,0,0,0,
1242,0.258371228,57.78903128,0.009305099,0.930509908,0.258371228
,,0,0,0,
1245,0.258371228,58.04740251,0.009346702,0.934670161,0.258371228
,,0,0,0,
130,0.301433099,58.34883561,0.009395238,0.93952379,0.301433099
,,0,0,0,
206,0.301433099,58.65026871,0.009443774,0.944377418,0.301433099
,,0,0,0,
289,0.301433099,58.95170181,0.00949231,0.949231047,0.301433099
,,0,0,0,
291,0.301433099,59.2531349,0.009540847,0.954084675,0.301433099
,,0,0,0,
300,0.301433099,59.554568,0.009589383,0.958938303,0.301433099
,,0,0,0,
318,0.301433099,59.8560011,0.009637919,0.963791932,0.301433099
,,0,0,0,
323,0.301433099,60.1574342,0.009686456,0.96864556,0.301433099
,,0,0,0,
340,0.301433099,60.4588673,0.009734992,0.973499189,0.301433099
,,0,0,0,
370,0.301433099,60.7603004,0.009783528,0.978352817,0.301433099
,,0,0,0,
400,0.301433099,61.0617335,0.009832064,0.983206446,0.301433099
,,0,0,0,
475,0.301433099,61.3631666,0.009880601,0.988060074,0.301433099
,,0,0,0,
525,0.301433099,61.6645997,0.009929137,0.992913702,0.301433099
,,0,0,0,
539,0.301433099,61.9660328,0.009977673,0.997767331,0.301433099
,,0,0,0,
540,0.301433099,62.26746589,0.01002621,1.002620959,0.301433099
,,0,0,0,
562,0.301433099,62.56889899,0.010074746,1.007474588,0.301433099
,,0,0,0,
567,0.301433099,62.87033209,0.010123282,1.012328216,0.301433099
,,0,0,0,
579,0.301433099,63.17176519,0.010171818,1.017181845,0.301433099
,,0,0,0,
587,0.301433099,63.47319829,0.010220355,1.022035473,0.301433099
,,0,0,0,
634,0.301433099,63.77463139,0.010268891,1.026889102,0.301433099
,,0,0,0,
677,0.301433099,64.07606449,0.010317427,1.03174273,0.301433099
,,0,0,0,
696,0.301433099,64.37749759,0.010365964,1.036596358,0.301433099
,,0,0,0,
715,0.301433099,64.67893069,0.0104145,1.041449987,0.301433099
,,0,0,0,
773,0.301433099,64.98036379,0.010463036,1.046303615,0.301433099
,,0,0,0,
800,0.301433099,65.28179689,0.010511572,1.051157244,0.301433099
,,0,0,0,
828,0.301433099,65.58322998,0.010560109,1.056010872,0.301433099
,,0,0,0,
860,0.301433099,65.88466308,0.010608645,1.060864501,0.301433099
,,0,0,0,
892,0.301433099,66.18609618,0.010657181,1.065718129,0.301433099
,,0,0,0,
905,0.301433099,66.48752928,0.010705718,1.070571757,0.301433099
,,0,0,0,
939,0.301433099,66.78896238,0.010754254,1.075425386,0.301433099
,,0,0,0,
962,0.301433099,67.09039548,0.01080279,1.080279014,0.301433099
,,0,0,0,
991,0.301433099,67.39182858,0.010851326,1.085132643,0.301433099
,,0,0,0,
1013,0.301433099,67.69326168,0.010899863,1.089986271,0.301433099
,,0,0,0,
1043,0.301433099,67.99469478,0.010948399,1.0948399,0.301433099
,,0,0,0,
1096,0.301433099,68.29612788,0.010996935,1.099693528,0.301433099
,,0,0,0,
1137,0.301433099,68.59756098,0.011045472,1.104547156,0.301433099
,,0,0,0,
1146,0.301433099,68.89899407,0.011094008,1.109400785,0.301433099
,,0,0,0,
1151,0.301433099,69.20042717,0.011142544,1.114254413,0.301433099
,,0,0,0,
1159,0.301433099,69.50186027,0.01119108,1.119108042,0.301433099
,,0,0,0,
1207,0.301433099,69.80329337,0.011239617,1.12396167,0.301433099
,,0,0,0,
1219,0.301433099,70.10472647,0.011288153,1.128815299,0.301433099
,,0,0,0,
119,0.34449497,70.44922144,0.011343623,1.134362303,0.34449497
,,0,0,0,
121,0.34449497,70.79371641,0.011399093,1.139909306,0.34449497
,,0,0,0,
188,0.34449497,71.13821138,0.011454563,1.14545631,0.34449497
,,0,0,0,
193,0.34449497,71.48270635,0.011510033,1.151003314,0.34449497
,,0,0,0,
241,0.34449497,71.82720132,0.011565503,1.156550318,0.34449497
,,0,0,0,
255,0.34449497,72.17169629,0.011620973,1.162097322,0.34449497
,,0,0,0,
302,0.34449497,72.51619126,0.011676443,1.167644326,0.34449497
,,0,0,0,
303,0.34449497,72.86068623,0.011731913,1.17319133,0.34449497
,,0,0,0,
358,0.34449497,73.2051812,0.011787383,1.178738334,0.34449497
,,0,0,0,
411,0.34449497,73.54967617,0.011842853,1.184285338,0.34449497
,,0,0,0,
418,0.34449497,73.89417115,0.011898323,1.189832342,0.34449497
,,0,0,0,
431,0.34449497,74.23866612,0.011953793,1.195379346,0.34449497
,,0,0,0,
452,0.34449497,74.58316109,0.012009263,1.20092635,0.34449497
,,0,0,0,
458,0.34449497,74.92765606,0.012064734,1.206473354,0.34449497
,,0,0,0,
486,0.34449497,75.27215103,0.012120204,1.212020358,0.34449497
,,0,0,0,
511,0.34449497,75.616646,0.012175674,1.217567361,0.34449497
,,0,0,0,
518,0.34449497,75.96114097,0.012231144,1.223114365,0.34449497
,,0,0,0,
519,0.34449497,76.30563594,0.012286614,1.228661369,0.34449497
,,0,0,0,
601,0.34449497,76.65013091,0.012342084,1.234208373,0.34449497
,,0,0,0,
622,0.34449497,76.99462588,0.012397554,1.239755377,0.34449497
,,0,0,0,
639,0.34449497,77.33912085,0.012453024,1.245302381,0.34449497
,,0,0,0,
702,0.34449497,77.68361582,0.012508494,1.250849385,0.34449497
,,0,0,0,
704,0.34449497,78.02811079,0.012563964,1.256396389,0.34449497
,,0,0,0,
751,0.34449497,78.37260576,0.012619434,1.261943393,0.34449497
,,0,0,0,
809,0.34449497,78.71710073,0.012674904,1.267490397,0.34449497
,,0,0,0,
810,0.34449497,79.0615957,0.012730374,1.273037401,0.34449497
,,0,0,0,
818,0.34449497,79.40609067,0.012785844,1.278584405,0.34449497
,,0,0,0,
851,0.34449497,79.75058564,0.012841314,1.284131409,0.34449497
,,0,0,0,
949,0.34449497,80.09508061,0.012896784,1.289678412,0.34449497
,,0,0,0,
979,0.34449497,80.43957558,0.012952254,1.295225416,0.34449497
,,0,0,0,
990,0.34449497,80.78407055,0.013007724,1.30077242,0.34449497
,,0,0,0,
1059,0.34449497,81.12856552,0.013063194,1.306319424,0.34449497
,,0,0,0,
1082,0.34449497,81.47306049,0.013118664,1.311866428,0.34449497
,,0,0,0,
1152,0.34449497,81.81755546,0.013174134,1.317413432,0.34449497
,,0,0,0,
1158,0.34449497,82.16205043,0.013229604,1.322960436,0.34449497
,,0,0,0,
1197,0.34449497,82.5065454,0.013285074,1.32850744,0.34449497
,,0,0,0,
1251,0.34449497,82.85104037,0.013340544,1.334054444,0.34449497
,,0,0,0,
92,0.387556842,83.23859722,0.013402948,1.340294823,0.387556842
,,0,0,0,
140,0.387556842,83.62615406,0.013465352,1.346535203,0.387556842
,,0,0,0,
153,0.387556842,84.0137109,0.013527756,1.352775582,0.387556842
,,0,0,0,
165,0.387556842,84.40126774,0.01359016,1.359015962,0.387556842
,,0,0,0,
174,0.387556842,84.78882458,0.013652563,1.365256341,0.387556842
,,0,0,0,
199,0.387556842,85.17638142,0.013714967,1.37149672,0.387556842
,,0,0,0,
227,0.387556842,85.56393827,0.013777371,1.3777371,0.387556842
,,0,0,0,
276,0.387556842,85.95149511,0.013839775,1.383977479,0.387556842
,,0,0,0,
292,0.387556842,86.33905195,0.013902179,1.390217859,0.387556842
,,0,0,0,
317,0.387556842,86.72660879,0.013964582,1.396458238,0.387556842
,,0,0,0,
401,0.387556842,87.11416563,0.014026986,1.402698617,0.387556842
,,0,0,0,
405,0.387556842,87.50172247,0.01408939,1.408938997,0.387556842
,,0,0,0,
492,0.387556842,87.88927932,0.014151794,1.415179376,0.387556842
,,0,0,0,
546,0.387556842,88.27683616,0.014214198,1.421419756,0.387556842
,,0,0,0,
552,0.387556842,88.664393,0.014276601,1.427660135,0.387556842
,,0,0,0,
644,0.387556842,89.05194984,0.014339005,1.433900514,0.387556842
,,0,0,0,
665,0.387556842,89.43950668,0.014401409,1.440140894,0.387556842
,,0,0,0,
716,0.387556842,89.82706352,0.014463813,1.446381273,0.387556842
,,0,0,0,
718,0.387556842,90.21462037,0.014526217,1.452621653,0.387556842
,,0,0,0,
743,0.387556842,90.60217721,0.01458862,1.458862032,0.387556842
,,0,0,0,
839,0.387556842,90.98973405,0.014651024,1.465102412,0.387556842
,,0,0,0,
924,0.387556842,91.37729089,0.014713428,1.471342791,0.387556842
,,0,0,0,
926,0.387556842,91.76484773,0.014775832,1.47758317,0.387556842
,,0,0,0,
986,0.387556842,92.15240457,0.014838235,1.48382355,0.387556842
,,0,0,0,
1045,0.387556842,92.53996142,0.014900639,1.490063929,0.387556842
,,0,0,0,
1051,0.387556842,92.92751826,0.014963043,1.496304309,0.387556842
,,0,0,0,
1055,0.387556842,93.3150751,0.015025447,1.502544688,0.387556842
,,0,0,0,
1093,0.387556842,93.70263194,0.015087851,1.508785067,0.387556842
,,0,0,0,
1173,0.387556842,94.09018878,0.015150254,1.515025447,0.387556842
,,0,0,0,
1221,0.387556842,94.47774562,0.015212658,1.521265826,0.387556842
,,0,0,0,
35,0.430618713,94.90836434,0.015281996,1.528199581,0.430618713
,,0,0,0,
53,0.430618713,95.33898305,0.015351333,1.535133336,0.430618713
,,0,0,0,
233,0.430618713,95.76960176,0.015420671,1.542067091,0.430618713
,,0,0,0,
263,0.430618713,96.20022048,0.015490008,1.549000846,0.430618713
,,0,0,0,
283,0.430618713,96.63083919,0.015559346,1.555934601,0.430618713
,,0,0,0,
357,0.430618713,97.0614579,0.015628684,1.562868356,0.430618713
,,0,0,0,
367,0.430618713,97.49207662,0.015698021,1.569802111,0.430618713
,,0,0,0,
487,0.430618713,97.92269533,0.015767359,1.576735866,0.430618713
,,0,0,0,
522,0.430618713,98.35331404,0.015836696,1.58366962,0.430618713
,,0,0,0,
532,0.430618713,98.78393275,0.015906034,1.590603375,0.430618713
,,0,0,0,
603,0.430618713,99.21455147,0.015975371,1.59753713,0.430618713
,,0,0,0,
611,0.430618713,99.64517018,0.016044709,1.604470885,0.430618713
,,0,0,0,
616,0.430618713,100.0757889,0.016114046,1.61140464,0.430618713
,,0,0,0,
666,0.430618713,100.5064076,0.016183384,1.618338395,0.430618713
,,0,0,0,
725,0.430618713,100.9370263,0.016252721,1.62527215,0.430618713
,,0,0,0,
758,0.430618713,101.367645,0.016322059,1.632205905,0.430618713
,,0,0,0,
769,0.430618713,101.7982637,0.016391397,1.63913966,0.430618713
,,0,0,0,
819,0.430618713,102.2288825,0.016460734,1.646073415,0.430618713
,,0,0,0,
861,0.430618713,102.6595012,0.016530072,1.65300717,0.430618713
,,0,0,0,
894,0.430618713,103.0901199,0.016599409,1.659940924,0.430618713
,,0,0,0,
898,0.430618713,103.5207386,0.016668747,1.666874679,0.430618713
,,0,0,0,
1006,0.430618713,103.9513573,0.016738084,1.673808434,0.430618713
,,0,0,0,
1011,0.430618713,104.381976,0.016807422,1.680742189,0.430618713
,,0,0,0,
1080,0.430618713,104.8125947,0.016876759,1.687675944,0.430618713
,,0,0,0,
1094,0.430618713,105.2432134,0.016946097,1.694609699,0.430618713
,,0,0,0,
33,0.473680584,105.716894,0.017022368,1.702236829,0.473680584
,,0,0,0,
67,0.473680584,106.1905746,0.01709864,1.70986396,0.473680584
,,0,0,0,
169,0.473680584,106.6642552,0.017174911,1.71749109,0.473680584
,,0,0,0,
226,0.473680584,107.1379358,0.017251182,1.725118221,0.473680584
,,0,0,0,
327,0.473680584,107.6116164,0.017327454,1.732745351,0.473680584
,,0,0,0,
574,0.473680584,108.085297,0.017403725,1.740372481,0.473680584
,,0,0,0,
599,0.473680584,108.5589775,0.017479996,1.747999612,0.473680584
,,0,0,0,
763,0.473680584,109.0326581,0.017556267,1.755626742,0.473680584
,,0,0,0,
791,0.473680584,109.5063387,0.017632539,1.763253873,0.473680584
,,0,0,0,
792,0.473680584,109.9800193,0.01770881,1.770881003,0.473680584
,,0,0,0,
806,0.473680584,110.4536999,0.017785081,1.778508133,0.473680584
,,0,0,0,
821,0.473680584,110.9273805,0.017861353,1.786135264,0.473680584
,,0,0,0,
915,0.473680584,111.401061,0.017937624,1.793762394,0.473680584
,,0,0,0,
921,0.473680584,111.8747416,0.018013895,1.801389524,0.473680584
,,0,0,0,
999,0.473680584,112.3484222,0.018090167,1.809016655,0.473680584
,,0,0,0,
1147,0.473680584,112.8221028,0.018166438,1.816643785,0.473680584
,,0,0,0,
1234,0.473680584,113.2957834,0.018242709,1.824270916,0.473680584
,,0,0,0,
16,0.516742456,113.8125258,0.018325914,1.832591422,0.516742456
,,0,0,0,
120,0.516742456,114.3292683,0.018409119,1.840911927,0.516742456
,,0,0,0,
413,0.516742456,114.8460107,0.018492324,1.849232433,0.516742456
,,0,0,0,
443,0.516742456,115.3627532,0.018575529,1.857552939,0.516742456
,,0,0,0,
445,0.516742456,115.8794957,0.018658734,1.865873445,0.516742456
,,0,0,0,
465,0.516742456,116.3962381,0.01874194,1.874193951,0.516742456
,,0,0,0,
498,0.516742456,116.9129806,0.018825145,1.882514457,0.516742456
,,0,0,0,
516,0.516742456,117.429723,0.01890835,1.890834963,0.516742456
,,0,0,0,
590,0.516742456,117.9464655,0.018991555,1.899155469,0.516742456
,,0,0,0,
621,0.516742456,118.4632079,0.01907476,1.907475975,0.516742456
,,0,0,0,
625,0.516742456,118.9799504,0.019157965,1.91579648,0.516742456
,,0,0,0,
646,0.516742456,119.4966928,0.01924117,1.924116986,0.516742456
,,0,0,0,
649,0.516742456,120.0134353,0.019324375,1.932437492,0.516742456
,,0,0,0,
873,0.516742456,120.5301778,0.01940758,1.940757998,0.516742456
,,0,0,0,
903,0.516742456,121.0469202,0.019490785,1.949078504,0.516742456
,,0,0,0,
918,0.516742456,121.5636627,0.01957399,1.95739901,0.516742456
,,0,0,0,
1001,0.516742456,122.0804051,0.019657195,1.965719516,0.516742456
,,0,0,0,
1202,0.516742456,122.5971476,0.0197404,1.974040022,0.516742456
,,0,0,0,
11,0.559804327,123.1569519,0.019830539,1.983053903,0.559804327
,,0,0,0,
37,0.559804327,123.7167562,0.019920678,1.992067784,0.559804327
,,0,0,0,
44,0.559804327,124.2765606,0.020010817,2.001081666,0.559804327
,,0,0,0,
182,0.559804327,124.8363649,0.020100955,2.010095547,0.559804327
,,0,0,0,
325,0.559804327,125.3961692,0.020191094,2.019109429,0.559804327
,,0,0,0,
338,0.559804327,125.9559735,0.020281233,2.02812331,0.559804327
,,0,0,0,
436,0.559804327,126.5157779,0.020371372,2.037137191,0.559804327
,,0,0,0,
538,0.559804327,127.0755822,0.020461511,2.046151073,0.559804327
,,0,0,0,
550,0.559804327,127.6353865,0.02055165,2.055164954,0.559804327
,,0,0,0,
555,0.559804327,128.1951909,0.020641788,2.064178835,0.559804327
,,0,0,0,
600,0.559804327,128.7549952,0.020731927,2.073192717,0.559804327
,,0,0,0,
606,0.559804327,129.3147995,0.020822066,2.082206598,0.559804327
,,0,0,0,
755,0.559804327,129.8746038,0.020912205,2.09122048,0.559804327
,,0,0,0,
764,0.559804327,130.4344082,0.021002344,2.100234361,0.559804327
,,0,0,0,
765,0.559804327,130.9942125,0.021092482,2.109248242,0.559804327
,,0,0,0,
805,0.559804327,131.5540168,0.021182621,2.118262124,0.559804327
,,0,0,0,
852,0.559804327,132.1138211,0.02127276,2.127276005,0.559804327
,,0,0,0,
920,0.559804327,132.6736255,0.021362899,2.136289886,0.559804327
,,0,0,0,
968,0.559804327,133.2334298,0.021453038,2.145303768,0.559804327
,,0,0,0,
1170,0.559804327,133.7932341,0.021543176,2.154317649,0.559804327
,,0,0,0,
1201,0.559804327,134.3530384,0.021633315,2.163331531,0.559804327
,,0,0,0,
26,0.602866198,134.9559046,0.021730388,2.173038787,0.602866198
,,0,0,0,
104,0.602866198,135.5587708,0.02182746,2.182746044,0.602866198
,,0,0,0,
190,0.602866198,136.161637,0.021924533,2.192453301,0.602866198
,,0,0,0,
217,0.602866198,136.7645032,0.022021606,2.202160558,0.602866198
,,0,0,0,
360,0.602866198,137.3673694,0.022118678,2.211867815,0.602866198
,,0,0,0,
460,0.602866198,137.9702356,0.022215751,2.221575072,0.602866198
,,0,0,0,
472,0.602866198,138.5731018,0.022312823,2.231282329,0.602866198
,,0,0,0,
536,0.602866198,139.175968,0.022409896,2.240989586,0.602866198
,,0,0,0,
586,0.602866198,139.7788342,0.022506968,2.250696842,0.602866198
,,0,0,0,
660,0.602866198,140.3817004,0.022604041,2.260404099,0.602866198
,,0,0,0,
681,0.602866198,140.9845666,0.022701114,2.270111356,0.602866198
,,0,0,0,
685,0.602866198,141.5874328,0.022798186,2.279818613,0.602866198
,,0,0,0,
759,0.602866198,142.190299,0.022895259,2.28952587,0.602866198
,,0,0,0,
987,0.602866198,142.7931652,0.022992331,2.299233127,0.602866198
,,0,0,0,
1004,0.602866198,143.3960314,0.023089404,2.308940384,0.602866198
,,0,0,0,
1100,0.602866198,143.9988976,0.023186476,2.31864764,0.602866198
,,0,0,0,
10,0.645928069,144.6448257,0.023290483,2.329048273,0.645928069
,,0,0,0,
22,0.645928069,145.2907538,0.023394489,2.339448905,0.645928069
,,0,0,0,
25,0.645928069,145.9366818,0.023498495,2.349849538,0.645928069
,,0,0,0,
31,0.645928069,146.5826099,0.023602502,2.36025017,0.645928069
,,0,0,0,
34,0.645928069,147.228538,0.023706508,2.370650802,0.645928069
,,0,0,0,
56,0.645928069,147.874466,0.023810514,2.381051435,0.645928069
,,0,0,0,
88,0.645928069,148.5203941,0.023914521,2.391452067,0.645928069
,,0,0,0,
122,0.645928069,149.1663222,0.024018527,2.401852699,0.645928069
,,0,0,0,
166,0.645928069,149.8122502,0.024122533,2.412253332,0.645928069
,,0,0,0,
194,0.645928069,150.4581783,0.02422654,2.422653964,0.645928069
,,0,0,0,
306,0.645928069,151.1041064,0.024330546,2.433054596,0.645928069
,,0,0,0,
444,0.645928069,151.7500344,0.024434552,2.443455229,0.645928069
,,0,0,0,
553,0.645928069,152.3959625,0.024538559,2.453855861,0.645928069
,,0,0,0,
575,0.645928069,153.0418906,0.024642565,2.464256493,0.645928069
,,0,0,0,
680,0.645928069,153.6878187,0.024746571,2.474657126,0.645928069
,,0,0,0,
748,0.645928069,154.3337467,0.024850578,2.485057758,0.645928069
,,0,0,0,
770,0.645928069,154.9796748,0.024954584,2.495458391,0.645928069
,,0,0,0,
829,0.645928069,155.6256029,0.02505859,2.505859023,0.645928069
,,0,0,0,
841,0.645928069,156.2715309,0.025162597,2.516259655,0.645928069
,,0,0,0,
951,0.645928069,156.917459,0.025266603,2.526660288,0.645928069
,,0,0,0,
1049,0.645928069,157.5633871,0.025370609,2.53706092,0.645928069
,,0,0,0,
1050,0.645928069,158.2093151,0.025474616,2.547461552,0.645928069
,,0,0,0,
1109,0.645928069,158.8552432,0.025578622,2.557862185,0.645928069
,,0,0,0,
47,0.688989941,159.5442332,0.025689562,2.568956193,0.688989941
,,0,0,0,
212,0.688989941,160.2332231,0.025800502,2.5800502,0.688989941
,,0,0,0,
382,0.688989941,160.922213,0.025911442,2.591144208,0.688989941
,,0,0,0,
404,0.688989941,161.611203,0.026022382,2.602238216,0.688989941
,,0,0,0,
421,0.688989941,162.3001929,0.026133322,2.613332224,0.688989941
,,0,0,0,
543,0.688989941,162.9891829,0.026244262,2.624426232,0.688989941
,,0,0,0,
728,0.688989941,163.6781728,0.026355202,2.63552024,0.688989941
,,0,0,0,
811,0.688989941,164.3671627,0.026466142,2.646614247,0.688989941
,,0,0,0,
855,0.688989941,165.0561527,0.026577083,2.657708255,0.688989941
,,0,0,0,
931,0.688989941,165.7451426,0.026688023,2.668802263,0.688989941
,,0,0,0,
950,0.688989941,166.4341326,0.026798963,2.679896271,0.688989941
,,0,0,0,
1014,0.688989941,167.1231225,0.026909903,2.690990279,0.688989941
,,0,0,0,
1046,0.688989941,167.8121124,0.027020843,2.702084287,0.688989941
,,0,0,0,
115,0.732051812,168.5441643,0.027138717,2.71387167,0.732051812
,,0,0,0,
128,0.732051812,169.2762161,0.027256591,2.725659053,0.732051812
,,0,0,0,
246,0.732051812,170.0082679,0.027374464,2.737446437,0.732051812
,,0,0,0,
636,0.732051812,170.7403197,0.027492338,2.74923382,0.732051812
,,0,0,0,
756,0.732051812,171.4723715,0.027610212,2.761021203,0.732051812
,,0,0,0,
846,0.732051812,172.2044233,0.027728086,2.772808587,0.732051812
,,0,0,0,
923,0.732051812,172.9364751,0.02784596,2.78459597,0.732051812
,,0,0,0,
1061,0.732051812,173.6685269,0.027963834,2.796383353,0.732051812
,,0,0,0,
1199,0.732051812,174.4005788,0.028081707,2.808170737,0.732051812
,,0,0,0,
21,0.775113683,175.1756924,0.028206515,2.820651496,0.775113683
,,0,0,0,
138,0.775113683,175.9508061,0.028331323,2.833132254,0.775113683
,,0,0,0,
157,0.775113683,176.7259198,0.02845613,2.845613013,0.775113683
,,0,0,0,
328,0.775113683,177.5010335,0.028580938,2.858093772,0.775113683
,,0,0,0,
446,0.775113683,178.2761472,0.028705745,2.870574531,0.775113683
,,0,0,0,
462,0.775113683,179.0512609,0.028830553,2.88305529,0.775113683
,,0,0,0,
883,0.775113683,179.8263745,0.02895536,2.895536049,0.775113683
,,0,0,0,
89,0.818175555,180.6445501,0.029087102,2.908710183,0.818175555
,,0,0,0,
363,0.818175555,181.4627256,0.029218843,2.921884317,0.818175555
,,0,0,0,
476,0.818175555,182.2809012,0.029350585,2.935058452,0.818175555
,,0,0,0,
478,0.818175555,183.0990768,0.029482326,2.948232586,0.818175555
,,0,0,0,
607,0.818175555,183.9172523,0.029614067,2.96140672,0.818175555
,,0,0,0,
686,0.818175555,184.7354279,0.029745809,2.974580855,0.818175555
,,0,0,0,
714,0.818175555,185.5536034,0.02987755,2.987754989,0.818175555
,,0,0,0,
910,0.818175555,186.371779,0.030009291,3.000929123,0.818175555
,,0,0,0,
980,0.818175555,187.1899545,0.030141033,3.014103257,0.818175555
,,0,0,0,
1090,0.818175555,188.0081301,0.030272774,3.027277392,0.818175555
,,0,0,0,
105,0.861237426,188.8693675,0.030411449,3.041144902,0.861237426
,,0,0,0,
170,0.861237426,189.7306049,0.030550124,3.055012411,0.861237426
,,0,0,0,
396,0.861237426,190.5918424,0.030688799,3.068879921,0.861237426
,,0,0,0,
547,0.861237426,191.4530798,0.030827474,3.082747431,0.861237426
,,0,0,0,
672,0.861237426,192.3143172,0.030966149,3.096614941,0.861237426
,,0,0,0,
689,0.861237426,193.1755546,0.031104825,3.110482451,0.861237426
,,0,0,0,
712,0.861237426,194.0367921,0.0312435,3.12434996,0.861237426
,,0,0,0,
734,0.861237426,194.8980295,0.031382175,3.13821747,0.861237426
,,0,0,0,
856,0.861237426,195.7592669,0.03152085,3.15208498,0.861237426
,,0,0,0,
1037,0.861237426,196.6205043,0.031659525,3.16595249,0.861237426
,,0,0,0,
1053,0.861237426,197.4817418,0.0317982,3.17982,0.861237426
,,0,0,0,
1066,0.861237426,198.3429792,0.031936875,3.19368751,0.861237426
,,0,0,0,
1068,0.861237426,199.2042166,0.03207555,3.207555019,0.861237426
,,0,0,0,
1162,0.861237426,200.065454,0.032214225,3.221422529,0.861237426
,,0,0,0,
1166,0.861237426,200.9266915,0.0323529,3.235290039,0.861237426
,,0,0,0,
145,0.904299297,201.8309908,0.032498509,3.249850924,0.904299297
,,0,0,0,
343,0.904299297,202.7352901,0.032644118,3.26441181,0.904299297
,,0,0,0,
528,0.904299297,203.6395894,0.032789727,3.278972695,0.904299297
,,0,0,0,
531,0.904299297,204.5438887,0.032935336,3.29353358,0.904299297
,,0,0,0,
645,0.904299297,205.448188,0.033080945,3.308094465,0.904299297
,,0,0,0,
857,0.904299297,206.3524873,0.033226554,3.322655351,0.904299297
,,0,0,0,
891,0.904299297,207.2567866,0.033372162,3.337216236,0.904299297
,,0,0,0,
904,0.904299297,208.1610858,0.033517771,3.351777121,0.904299297
,,0,0,0,
1023,0.904299297,209.0653851,0.03366338,3.366338007,0.904299297
,,0,0,0,
1143,0.904299297,209.9696844,0.033808989,3.380898892,0.904299297
,,0,0,0,
180,0.947361169,210.9170456,0.033961532,3.396153153,0.947361169
,,0,0,0,
414,0.947361169,211.8644068,0.034114074,3.411407414,0.947361169
,,0,0,0,
437,0.947361169,212.8117679,0.034266617,3.426661674,0.947361169
,,0,0,0,
440,0.947361169,213.7591291,0.034419159,3.441915935,0.947361169
,,0,0,0,
723,0.947361169,214.7064903,0.034571702,3.457170196,0.947361169
,,0,0,0,
888,0.947361169,215.6538515,0.034724245,3.472424457,0.947361169
,,0,0,0,
38,0.99042304,216.6442745,0.034883721,3.488372093,0.99042304
,,0,0,0,
155,0.99042304,217.6346975,0.035043197,3.504319729,0.99042304
,,0,0,0,
171,0.99042304,218.6251206,0.035202674,3.520267366,0.99042304
,,0,0,0,
198,0.99042304,219.6155436,0.03536215,3.536215002,0.99042304
,,0,0,0,
224,0.99042304,220.6059667,0.035521626,3.552162638,0.99042304
,,0,0,0,
275,0.99042304,221.5963897,0.035681103,3.568110274,0.99042304
,,0,0,0,
278,0.99042304,222.5868127,0.035840579,3.584057911,0.99042304
,,0,0,0,
379,0.99042304,223.5772358,0.036000055,3.600005547,0.99042304
,,0,0,0,
494,0.99042304,224.5676588,0.036159532,3.615953183,0.99042304
,,0,0,0,
576,0.99042304,225.5580819,0.036319008,3.63190082,0.99042304
,,0,0,0,
602,0.99042304,226.5485049,0.036478485,3.647848456,0.99042304
,,0,0,0,
1123,0.99042304,227.5389279,0.036637961,3.663796092,0.99042304
,,0,0,0,
178,1.033484911,228.5724128,0.036804371,3.680437104,1.033484911
,,0,0,0,
204,1.033484911,229.6058978,0.036970781,3.697078116,1.033484911
,,0,0,0,
256,1.033484911,230.6393827,0.037137191,3.713719127,1.033484911
,,0,0,0,
389,1.033484911,231.6728676,0.037303601,3.730360139,1.033484911
,,0,0,0,
521,1.033484911,232.7063525,0.037470012,3.747001151,1.033484911
,,0,0,0,
544,1.033484911,233.7398374,0.037636422,3.763642163,1.033484911
,,0,0,0,
592,1.033484911,234.7733223,0.037802832,3.780283175,1.033484911
,,0,0,0,
740,1.033484911,235.8068072,0.037969242,3.796924186,1.033484911
,,0,0,0,
1048,1.033484911,236.8402921,0.038135652,3.813565198,1.033484911
,,0,0,0,
1057,1.033484911,237.873777,0.038302062,3.83020621,1.033484911
,,0,0,0,
1184,1.033484911,238.907262,0.038468472,3.846847222,1.033484911
,,0,0,0,
1224,1.033484911,239.9407469,0.038634882,3.863488233,1.033484911
,,0,0,0,
1238,1.033484911,240.9742318,0.038801292,3.880129245,1.033484911
,,0,0,0,
438,1.076546782,242.0507786,0.038974636,3.897463632,1.076546782
,,0,0,0,
442,1.076546782,243.1273253,0.03914798,3.91479802,1.076546782
,,0,0,0,
896,1.076546782,244.2038721,0.039321324,3.932132407,1.076546782
,,0,0,0,
1209,1.076546782,245.2804189,0.039494668,3.949466794,1.076546782
,,0,0,0,
1236,1.076546782,246.3569657,0.039668012,3.966801182,1.076546782
,,0,0,0,
61,1.119608654,247.4765743,0.039848289,3.984828944,1.119608654
,,0,0,0,
345,1.119608654,248.596183,0.040028567,4.002856707,1.119608654
,,0,0,0,
354,1.119608654,249.7157916,0.040208845,4.02088447,1.119608654
,,0,0,0,
710,1.119608654,250.8354003,0.040389122,4.038912233,1.119608654
,,0,0,0,
848,1.119608654,251.955009,0.0405694,4.056939995,1.119608654
,,0,0,0,
1145,1.119608654,253.0746176,0.040749678,4.074967758,1.119608654
,,0,0,0,
74,1.162670525,254.2372881,0.040936889,4.093688896,1.162670525
,,0,0,0,
187,1.162670525,255.3999587,0.0411241,4.112410035,1.162670525
,,0,0,0,
477,1.162670525,256.5626292,0.041311312,4.131131173,1.162670525
,,0,0,0,
533,1.162670525,257.7252997,0.041498523,4.149852311,1.162670525
,,0,0,0,
627,1.162670525,258.8879702,0.041685734,4.168573449,1.162670525
,,0,0,0,
832,1.162670525,260.0506408,0.041872946,4.187294588,1.162670525
,,0,0,0,
929,1.162670525,261.2133113,0.042060157,4.206015726,1.162670525
,,0,0,0,
940,1.162670525,262.3759818,0.042247369,4.224736864,1.162670525
,,0,0,0,
1027,1.162670525,263.5386523,0.04243458,4.243458002,1.162670525
,,0,0,0,
1179,1.162670525,264.7013229,0.042621791,4.26217914,1.162670525
,,0,0,0,
13,1.205732396,265.9070553,0.042815937,4.281593654,1.205732396
,,0,0,0,
86,1.205732396,267.1127877,0.043010082,4.301008168,1.205732396
,,0,0,0,
813,1.205732396,268.31852,0.043204227,4.320422682,1.205732396
,,0,0,0,
817,1.205732396,269.5242524,0.043398372,4.339837195,1.205732396
,,0,0,0,
876,1.205732396,270.7299848,0.043592517,4.359251709,1.205732396
,,0,0,0,
911,1.205732396,271.9357172,0.043786662,4.378666223,1.205732396
,,0,0,0,
1178,1.205732396,273.1414496,0.043980807,4.398080737,1.205732396
,,0,0,0,
377,1.248794268,274.3902439,0.044181886,4.418188626,1.248794268
,,0,0,0,
434,1.248794268,275.6390382,0.044382965,4.438296515,1.248794268
,,0,0,0,
568,1.248794268,276.8878324,0.044584044,4.458404404,1.248794268
,,0,0,0,
874,1.248794268,278.1366267,0.044785123,4.478512294,1.248794268
,,0,0,0,
1038,1.248794268,279.385421,0.044986202,4.498620183,1.248794268
,,0,0,0,
1218,1.248794268,280.6342152,0.045187281,4.518728072,1.248794268
,,0,0,0,
232,1.291856139,281.9260714,0.045395293,4.539529337,1.291856139
,,0,0,0,
349,1.291856139,283.2179275,0.045603306,4.560330601,1.291856139
,,0,0,0,
425,1.291856139,284.5097837,0.045811319,4.581131866,1.291856139
,,0,0,0,
735,1.291856139,285.8016398,0.046019331,4.601933131,1.291856139
,,0,0,0,
742,1.291856139,287.0934959,0.046227344,4.622734396,1.291856139
,,0,0,0,
782,1.291856139,288.3853521,0.046435357,4.64353566,1.291856139
,,0,0,0,
862,1.291856139,289.6772082,0.046643369,4.664336925,1.291856139
,,0,0,0,
935,1.291856139,290.9690644,0.046851382,4.68513819,1.291856139
,,0,0,0,
1195,1.291856139,292.2609205,0.047059395,4.705939454,1.291856139
,,0,0,0,
43,1.33491801,293.5958385,0.047274341,4.727434095,1.33491801
,,0,0,0,
51,1.33491801,294.9307565,0.047489287,4.748928735,1.33491801
,,0,0,0,
55,1.33491801,296.2656745,0.047704234,4.770423375,1.33491801
,,0,0,0,
274,1.33491801,297.6005925,0.04791918,4.791918015,1.33491801
,,0,0,0,
280,1.33491801,298.9355105,0.048134127,4.813412655,1.33491801
,,0,0,0,
381,1.33491801,300.2704286,0.048349073,4.834907296,1.33491801
,,0,0,0,
908,1.33491801,301.6053466,0.048564019,4.856401936,1.33491801
,,0,0,0,
957,1.33491801,302.9402646,0.048778966,4.877896576,1.33491801
,,0,0,0,
1183,1.33491801,304.2751826,0.048993912,4.899391216,1.33491801
,,0,0,0,
313,1.377979881,305.6531625,0.049215792,4.921579232,1.377979881
,,0,0,0,
597,1.377979881,307.0311423,0.049437672,4.943767248,1.377979881
,,0,0,0,
612,1.377979881,308.4091222,0.049659553,4.965955263,1.377979881
,,0,0,0,
658,1.377979881,309.7871021,0.049881433,4.988143279,1.377979881
,,0,0,0,
659,1.377979881,311.165082,0.050103313,5.010331295,1.377979881
,,0,0,0,
902,1.377979881,312.5430619,0.050325193,5.032519311,1.377979881
,,0,0,0,
1015,1.377979881,313.9210418,0.050547073,5.054707326,1.377979881
,,0,0,0,
1033,1.377979881,315.2990216,0.050768953,5.076895342,1.377979881
,,0,0,0,
1036,1.377979881,316.6770015,0.050990834,5.099083358,1.377979881
,,0,0,0,
1211,1.377979881,318.0549814,0.051212714,5.121271373,1.377979881
,,0,0,0,
50,1.421041753,319.4760232,0.051441528,5.144152764,1.421041753
,,0,0,0,
551,1.421041753,320.8970649,0.051670342,5.167034156,1.421041753
,,0,0,0,
583,1.421041753,322.3181067,0.051899155,5.189915547,1.421041753
,,0,0,0,
847,1.421041753,323.7391484,0.052127969,5.212796938,1.421041753
,,0,0,0,
973,1.421041753,325.1601902,0.052356783,5.235678329,1.421041753
,,0,0,0,
501,1.464103624,326.6242938,0.052592531,5.259253096,1.464103624
,,0,0,0,
505,1.464103624,328.0883974,0.052828279,5.282827863,1.464103624
,,0,0,0,
669,1.464103624,329.552501,0.053064026,5.306402629,1.464103624
,,0,0,0,
1018,1.464103624,331.0166047,0.053299774,5.329977396,1.464103624
,,0,0,0,
1120,1.464103624,332.4807083,0.053535522,5.353552163,1.464103624
,,0,0,0,
315,1.507165495,333.9878738,0.053778203,5.377820305,1.507165495
,,0,0,0,
353,1.507165495,335.4950393,0.054020884,5.402088447,1.507165495
,,0,0,0,
409,1.507165495,337.0022048,0.054263566,5.426356589,1.507165495
,,0,0,0,
467,1.507165495,338.5093703,0.054506247,5.450624731,1.507165495
,,0,0,0,
548,1.507165495,340.0165358,0.054748929,5.474892873,1.507165495
,,0,0,0,
784,1.507165495,341.5237013,0.05499161,5.499161016,1.507165495
,,0,0,0,
54,1.550227367,343.0739286,0.055241225,5.524122533,1.550227367
,,0,0,0,
223,1.550227367,344.624156,0.055490841,5.549084051,1.550227367
,,0,0,0,
310,1.550227367,346.1743834,0.055740456,5.574045569,1.550227367
,,0,0,0,
385,1.550227367,347.7246107,0.055990071,5.599007086,1.550227367
,,0,0,0,
495,1.550227367,349.2748381,0.056239686,5.623968604,1.550227367
,,0,0,0,
572,1.550227367,350.8250655,0.056489301,5.648930122,1.550227367
,,0,0,0,
594,1.550227367,352.3752928,0.056738916,5.673891639,1.550227367
,,0,0,0,
694,1.550227367,353.9255202,0.056988532,5.698853157,1.550227367
,,0,0,0,
867,1.550227367,355.4757476,0.057238147,5.723814675,1.550227367
,,0,0,0,
909,1.550227367,357.0259749,0.057487762,5.748776192,1.550227367
,,0,0,0,
993,1.550227367,358.5762023,0.057737377,5.77373771,1.550227367
,,0,0,0,
109,1.593289238,360.1694915,0.057993926,5.799392603,1.593289238
,,0,0,0,
304,1.593289238,361.7627808,0.058250475,5.825047496,1.593289238
,,0,0,0,
429,1.593289238,363.35607,0.058507024,5.850702389,1.593289238
,,0,0,0,
864,1.593289238,364.9493592,0.058763573,5.876357283,1.593289238
,,0,0,0,
958,1.593289238,366.5426485,0.059020122,5.902012176,1.593289238
,,0,0,0,
967,1.593289238,368.1359377,0.059276671,5.927667069,1.593289238
,,0,0,0,
998,1.593289238,369.729227,0.05953322,5.953321962,1.593289238
,,0,0,0,
1110,1.593289238,371.3225162,0.059789769,5.978976855,1.593289238
,,0,0,0,
1186,1.593289238,372.9158054,0.060046317,6.004631748,1.593289238
,,0,0,0,
235,1.636351109,374.5521565,0.0603098,6.030980017,1.636351109
,,0,0,0,
298,1.636351109,376.1885076,0.060573283,6.057328286,1.636351109
,,0,0,0,
375,1.636351109,377.8248588,0.060836766,6.083676554,1.636351109
,,0,0,0,
942,1.636351109,379.4612099,0.061100248,6.110024823,1.636351109
,,0,0,0,
251,1.679412981,381.1406228,0.061370665,6.137066467,1.679412981
,,0,0,0,
384,1.679412981,382.8200358,0.061641081,6.164108111,1.679412981
,,0,0,0,
419,1.679412981,384.4994488,0.061911498,6.191149755,1.679412981
,,0,0,0,
820,1.679412981,386.1788618,0.062181914,6.218191399,1.679412981
,,0,0,0,
271,1.722474852,387.9013366,0.062459264,6.245926419,1.722474852
,,0,0,0,
312,1.722474852,389.6238115,0.062736614,6.273661439,1.722474852
,,0,0,0,
515,1.722474852,391.3462863,0.063013965,6.301396458,1.722474852
,,0,0,0,
1092,1.722474852,393.0687612,0.063291315,6.329131478,1.722474852
,,0,0,0,
58,1.765536723,394.8342979,0.063575599,6.357559873,1.765536723
,,0,0,0,
326,1.765536723,396.5998346,0.063859883,6.385988268,1.765536723
,,0,0,0,
334,1.765536723,398.3653714,0.064144167,6.414416663,1.765536723
,,0,0,0,
336,1.765536723,400.1309081,0.064428451,6.442845058,1.765536723
,,0,0,0,
430,1.765536723,401.8964448,0.064712735,6.471273453,1.765536723
,,0,0,0,
549,1.765536723,403.6619815,0.064997018,6.499701849,1.765536723
,,0,0,0,
564,1.765536723,405.4275183,0.065281302,6.528130244,1.765536723
,,0,0,0,
834,1.765536723,407.193055,0.065565586,6.556558639,1.765536723
,,0,0,0,
1075,1.765536723,408.9585917,0.06584987,6.584987034,1.765536723
,,0,0,0,
1089,1.765536723,410.7241284,0.066134154,6.613415429,1.765536723
,,0,0,0,
1163,1.765536723,412.4896652,0.066418438,6.641843824,1.765536723
,,0,0,0,
17,1.808598594,414.2982637,0.066709656,6.670965595,1.808598594
,,0,0,0,
112,1.808598594,416.1068623,0.067000874,6.700087365,1.808598594
,,0,0,0,
210,1.808598594,417.9154609,0.067292091,6.729209136,1.808598594
,,0,0,0,
352,1.808598594,419.7240595,0.067583309,6.758330907,1.808598594
,,0,0,0,
535,1.808598594,421.5326581,0.067874527,6.787452677,1.808598594
,,0,0,0,
687,1.808598594,423.3412567,0.068165744,6.816574448,1.808598594
,,0,0,0,
191,1.851660466,425.1929172,0.068463896,6.846389594,1.851660466
,,0,0,0,
618,1.851660466,427.0445776,0.068762047,6.87620474,1.851660466
,,0,0,0,
882,1.851660466,428.8962381,0.069060199,6.906019886,1.851660466
,,0,0,0,
7,1.894722337,430.7909605,0.069365284,6.936528408,1.894722337
,,0,0,0,
293,1.894722337,432.6856828,0.069670369,6.967036929,1.894722337
,,0,0,0,
342,1.894722337,434.5804051,0.069975455,6.997545451,1.894722337
,,0,0,0,
424,1.894722337,436.4751275,0.07028054,7.028053972,1.894722337
,,0,0,0,
1232,1.894722337,438.3698498,0.070585625,7.058562494,1.894722337
,,0,0,0,
1248,1.894722337,440.2645721,0.07089071,7.089071016,1.894722337
,,0,0,0,
75,1.937784208,442.2023563,0.071202729,7.120272913,1.937784208
,,0,0,0,
135,1.937784208,444.1401406,0.071514748,7.15147481,1.937784208
,,0,0,0,
605,1.937784208,446.0779248,0.071826767,7.182676707,1.937784208
,,0,0,0,
1231,1.937784208,448.015709,0.072138786,7.213878604,1.937784208
,,0,0,0,
68,1.98084608,449.9965551,0.072457739,7.245773876,1.98084608
,,0,0,0,
362,1.98084608,451.9774011,0.072776691,7.277669149,1.98084608
,,0,0,0,
378,1.98084608,453.9582472,0.073095644,7.309564422,1.98084608
,,0,0,0,
69,2.023907951,455.9821552,0.073421531,7.34215307,2.023907951
,,0,0,0,
114,2.023907951,458.0060631,0.073747417,7.374741718,2.023907951
,,0,0,0,
1194,2.023907951,460.0299711,0.074073304,7.407330366,2.023907951
,,0,0,0,
373,2.066969822,462.0969409,0.074406124,7.440612389,2.066969822
,,0,0,0,
952,2.066969822,464.1639107,0.074738944,7.473894413,2.066969822
,,0,0,0,
93,2.110031694,466.2739424,0.075078698,7.507869812,2.110031694
,,0,0,0,
654,2.110031694,468.3839741,0.075418452,7.541845211,2.110031694
,,0,0,0,
833,2.110031694,470.4940058,0.075758206,7.57582061,2.110031694
,,0,0,0,
1180,2.110031694,472.6040375,0.07609796,7.609796009,2.110031694
,,0,0,0,
230,2.153093565,474.757131,0.076444648,7.644464783,2.153093565
,,0,0,0,
507,2.153093565,476.9102246,0.076791336,7.679133558,2.153093565
,,0,0,0,
570,2.153093565,479.0633182,0.077138023,7.713802333,2.153093565
,,0,0,0,
692,2.153093565,481.2164117,0.077484711,7.748471107,2.153093565
,,0,0,0,
938,2.153093565,483.3695053,0.077831399,7.783139882,2.153093565
,,0,0,0,
976,2.153093565,485.5225989,0.078178087,7.817808656,2.153093565
,,0,0,0,
719,2.196155436,487.7187543,0.078531708,7.853170806,2.196155436
,,0,0,0,
879,2.196155436,489.9149097,0.07888533,7.888532956,2.196155436
,,0,0,0,
959,2.196155436,492.1110652,0.079238951,7.923895106,2.196155436
,,0,0,0,
1044,2.196155436,494.3072206,0.079592573,7.959257256,2.196155436
,,0,0,0,
1107,2.196155436,496.5033761,0.079946194,7.994619406,2.196155436
,,0,0,0,
369,2.239217307,498.7425934,0.080306749,8.030674932,2.239217307
,,0,0,0,
565,2.239217307,500.9818107,0.080667305,8.066730457,2.239217307
,,0,0,0,
730,2.239217307,503.221028,0.08102786,8.102785983,2.239217307
,,0,0,0,
1206,2.239217307,505.4602453,0.081388415,8.138841508,2.239217307
,,0,0,0,
1216,2.239217307,507.6994626,0.08174897,8.174897034,2.239217307
,,0,0,0,
20,2.282279179,509.9817418,0.082116459,8.211645935,2.282279179
,,0,0,0,
559,2.282279179,512.2640209,0.082483948,8.248394836,2.282279179
,,0,0,0,
651,2.282279179,514.5463001,0.082851437,8.285143737,2.282279179
,,0,0,0,
870,2.282279179,516.8285793,0.083218926,8.321892638,2.282279179
,,0,0,0,
970,2.282279179,519.1108585,0.083586415,8.358641539,2.282279179
,,0,0,0,
1237,2.282279179,521.3931377,0.083953904,8.39539044,2.282279179
,,0,0,0,
648,2.32534105,523.7184787,0.084328327,8.432832716,2.32534105
,,0,0,0,
877,2.32534105,526.0438198,0.08470275,8.470274993,2.32534105
,,0,0,0,
1192,2.32534105,528.3691608,0.085077173,8.507717269,2.32534105
,,0,0,0,
395,2.368402921,530.7375637,0.085458529,8.545852921,2.368402921
,,0,0,0,
398,2.368402921,533.1059667,0.085839886,8.583988573,2.368402921
,,0,0,0,
530,2.368402921,535.4743696,0.086221242,8.622124225,2.368402921
,,0,0,0,
1149,2.368402921,537.8427725,0.086602599,8.660259877,2.368402921
,,0,0,0,
59,2.411464793,540.2542373,0.086990889,8.699088905,2.411464793
,,0,0,0,
179,2.411464793,542.6657021,0.087379179,8.737917932,2.411464793
,,0,0,0,
406,2.411464793,545.0771669,0.08776747,8.77674696,2.411464793
,,0,0,0,
1097,2.411464793,547.4886317,0.08815576,8.815575987,2.411464793
,,0,0,0,
1193,2.411464793,549.9000965,0.08854405,8.854405014,2.411464793
,,0,0,0,
106,2.454526664,552.3546231,0.088939274,8.893927417,2.454526664
,,0,0,0,
499,2.454526664,554.8091498,0.089334498,8.93344982,2.454526664
,,0,0,0,
512,2.454526664,557.2636765,0.089729722,8.972972223,2.454526664
,,0,0,0,
1029,2.454526664,559.7182031,0.090124946,9.012494626,2.454526664
,,0,0,0,
456,2.497588535,562.2157916,0.090527104,9.052710405,2.497588535
,,0,0,0,
1190,2.497588535,564.7133802,0.090929262,9.092926183,2.497588535
,,0,0,0,
45,2.540650407,567.2540306,0.091338353,9.133835337,2.540650407
,,0,0,0,
203,2.540650407,569.794681,0.091747445,9.174744491,2.540650407
,,0,0,0,
330,2.540650407,572.3353314,0.092156536,9.215653645,2.540650407
,,0,0,0,
614,2.540650407,574.8759818,0.092565628,9.256562799,2.540650407
,,0,0,0,
844,2.540650407,577.4166322,0.09297472,9.297471953,2.540650407
,,0,0,0,
889,2.540650407,579.9572826,0.093383811,9.338381107,2.540650407
,,0,0,0,
1214,2.540650407,582.497933,0.093792903,9.379290261,2.540650407
,,0,0,0,
98,2.583712278,585.0816453,0.094208928,9.42089279,2.583712278
,,0,0,0,
195,2.583712278,587.6653576,0.094624953,9.46249532,2.583712278
,,0,0,0,
461,2.583712278,590.2490699,0.095040978,9.504097849,2.583712278
,,0,0,0,
814,2.583712278,592.8327821,0.095457004,9.545700379,2.583712278
,,0,0,0,
1122,2.583712278,595.4164944,0.095873029,9.587302908,2.583712278
,,0,0,0,
113,2.626774149,598.0432686,0.096295988,9.629598813,2.626774149
,,0,0,0,
57,2.66983602,600.7131046,0.096725881,9.672588093,2.66983602
,,0,0,0,
172,2.66983602,603.3829406,0.097155774,9.715577374,2.66983602
,,0,0,0,
628,2.66983602,606.0527766,0.097585667,9.758566654,2.66983602
,,0,0,0,
220,2.712897892,608.7656745,0.098022493,9.80224931,2.712897892
,,0,0,0,
359,2.712897892,611.4785724,0.09845932,9.845931966,2.712897892
,,0,0,0,
520,2.712897892,614.1914703,0.098896146,9.889614622,2.712897892
,,0,0,0,
1200,2.712897892,616.9043682,0.099332973,9.933297278,2.712897892
,,0,0,0,
149,2.755959763,619.660328,0.099776733,9.977673309,2.755959763
,,0,0,0,
282,2.755959763,622.4162877,0.100220493,10.02204934,2.755959763
,,0,0,0,
453,2.755959763,625.1722475,0.100664254,10.06642537,2.755959763
,,0,0,0,
678,2.755959763,627.9282072,0.101108014,10.1108014,2.755959763
,,0,0,0,
1203,2.799021634,630.7272289,0.101558708,10.15587081,2.799021634
,,0,0,0,
147,2.842083506,633.5693124,0.102016336,10.20163359,2.842083506
,,0,0,0,
321,2.842083506,636.4113959,0.102473964,10.24739638,2.842083506
,,0,0,0,
387,2.842083506,639.2534794,0.102931592,10.29315916,2.842083506
,,0,0,0,
744,2.842083506,642.0955629,0.103389219,10.33892194,2.842083506
,,0,0,0,
760,2.842083506,644.9376464,0.103846847,10.38468472,2.842083506
,,0,0,0,
1078,2.842083506,647.7797299,0.104304475,10.4304475,2.842083506
,,0,0,0,
502,2.885145377,650.6648753,0.104769037,10.47690366,2.885145377
,,0,0,0,
560,2.885145377,653.5500207,0.105233598,10.52335982,2.885145377
,,0,0,0,
52,2.928207248,656.4782279,0.105705094,10.57050935,2.928207248
,,0,0,0,
595,2.928207248,659.4064352,0.106176589,10.61765889,2.928207248
,,0,0,0,
1160,2.928207248,662.3346424,0.106648084,10.66480842,2.928207248
,,0,0,0,
1168,2.928207248,665.2628497,0.10711958,10.71195795,2.928207248
,,0,0,0,
65,2.971269119,668.2341188,0.107598009,10.75980086,2.971269119
,,0,0,0,
402,2.971269119,671.2053879,0.108076438,10.80764377,2.971269119
,,0,0,0,
668,2.971269119,674.176657,0.108554867,10.85548668,2.971269119
,,0,0,0,
673,3.014330991,677.190988,0.10904023,10.90402296,3.014330991
,,0,0,0,
1139,3.014330991,680.205319,0.109525592,10.95255925,3.014330991
,,0,0,0,
1164,3.014330991,683.21965,0.110010955,11.00109553,3.014330991
,,0,0,0,
837,3.057392862,686.2770429,0.110503252,11.05032519,3.057392862
,,0,0,0,
1205,3.057392862,689.3344357,0.110995549,11.09955485,3.057392862
,,0,0,0,
1252,3.057392862,692.3918286,0.111487845,11.14878451,3.057392862
,,0,0,0,
146,3.100454733,695.4922833,0.111987075,11.19870755,3.100454733
,,0,0,0,
286,3.143516605,698.6357999,0.11249324,11.24932396,3.143516605
,,0,0,0,
994,3.143516605,701.7793165,0.112999404,11.29994037,3.143516605
,,0,0,0,
36,3.186578476,704.965895,0.113512502,11.35125016,3.186578476
,,0,0,0,
87,3.186578476,708.1524735,0.114025599,11.40255994,3.186578476
,,0,0,0,
177,3.186578476,711.3390519,0.114538697,11.45386973,3.186578476
,,0,0,0,
1021,3.186578476,714.5256304,0.115051795,11.50517951,3.186578476
,,0,0,0,
1086,3.186578476,717.7122089,0.115564893,11.5564893,3.186578476
,,0,0,0,
1112,3.186578476,720.8987874,0.116077991,11.60779909,3.186578476
,,0,0,0,
1254,3.186578476,724.0853659,0.116591089,11.65910887,3.186578476
,,0,0,0,
273,3.229640347,727.3150062,0.11711112,11.71111204,3.229640347
,,0,0,0,
1083,3.229640347,730.5446465,0.117631152,11.7631152,3.229640347
,,0,0,0,
422,3.272702219,733.8173488,0.118158117,11.81581173,3.272702219
,,0,0,0,
731,3.31576409,737.1331129,0.118692016,11.86920165,3.31576409
,,0,0,0,
733,3.31576409,740.4488769,0.119225916,11.92259156,3.31576409
,,0,0,0,
623,3.358825961,743.8077029,0.119766748,11.97667485,3.358825961
,,0,0,0,
333,3.401887832,747.2095907,0.120314515,12.03145151,3.401887832
,,0,0,0,
457,3.401887832,750.6114786,0.120862282,12.08622818,3.401887832
,,0,0,0,
558,3.401887832,754.0133664,0.121410048,12.14100484,3.401887832
,,0,0,0,
1217,3.444949704,757.4583161,0.121964749,12.19647488,3.444949704
,,0,0,0,
1235,3.444949704,760.9032658,0.122519449,12.25194492,3.444949704
,,0,0,0,
164,3.488011575,764.3912774,0.123081083,12.30810833,3.488011575
,,0,0,0,
307,3.488011575,767.879289,0.123642717,12.36427175,3.488011575
,,0,0,0,
866,3.488011575,771.3673005,0.124204352,12.42043516,3.488011575
,,0,0,0,
136,3.531073446,774.898374,0.12477292,12.47729195,3.531073446
,,0,0,0,
426,3.531073446,778.4294474,0.125341487,12.53414874,3.531073446
,,0,0,0,
19,3.574135318,782.0035827,0.125916989,12.59169891,3.574135318
,,0,0,0,
816,3.574135318,785.5777181,0.126492491,12.64924907,3.574135318
,,0,0,0,
1174,3.574135318,789.1518534,0.127067992,12.70679924,3.574135318
,,0,0,0,
30,3.617197189,792.7690506,0.127650428,12.76504278,3.617197189
,,0,0,0,
470,3.66025906,796.4293096,0.128239797,12.8239797,3.66025906
,,0,0,0,
393,3.703320932,800.1326306,0.1288361,12.88360999,3.703320932
,,0,0,0,
934,3.703320932,803.8359515,0.129432403,12.94324028,3.703320932
,,0,0,0,
1065,3.703320932,807.5392724,0.130028706,13.00287057,3.703320932
,,0,0,0,
264,3.746382803,811.2856552,0.130631942,13.06319424,3.746382803
,,0,0,0,
893,3.746382803,815.032038,0.131235179,13.12351791,3.746382803
,,0,0,0,
631,3.789444674,818.8214827,0.13184535,13.18453495,3.789444674
,,0,0,0,
1088,3.789444674,822.6109274,0.13245552,13.245552,3.789444674
,,0,0,0,
1247,3.789444674,826.4003721,0.13306569,13.30656904,3.789444674
,,0,0,0,
376,3.832506545,830.2328786,0.133682795,13.36827946,3.832506545
,,0,0,0,
484,3.832506545,834.0653851,0.134299899,13.42998988,3.832506545
,,0,0,0,
661,3.832506545,837.8978917,0.134917003,13.4917003,3.832506545
,,0,0,0,
1102,3.875568417,841.7734601,0.135541041,13.55410409,3.875568417
,,0,0,0,
260,3.918630288,845.6920904,0.136172013,13.61720126,3.918630288
,,0,0,0,
366,3.961692159,849.6537826,0.136809918,13.6809918,3.961692159
,,0,0,0,
545,4.004754031,853.6585366,0.137454757,13.74547572,4.004754031
,,0,0,0,
103,4.090877773,857.7494144,0.138113464,13.8113464,4.090877773
,,0,0,0,
96,4.133939644,861.883354,0.138779104,13.87791044,4.133939644
,,0,0,0,
99,4.133939644,866.0172936,0.139444745,13.94447449,4.133939644
,,0,0,0,
1132,4.133939644,870.1512333,0.140110385,14.01103854,4.133939644
,,0,0,0,
795,4.177001516,874.3282348,0.14078296,14.07829596,4.177001516
,,0,0,0,
309,4.220063387,878.5482982,0.141462468,14.14624676,4.220063387
,,0,0,0,
463,4.220063387,882.7683616,0.142141976,14.21419756,4.220063387
,,0,0,0,
676,4.220063387,886.988425,0.142821484,14.28214835,4.220063387
,,0,0,0,
922,4.349249001,891.337674,0.143521793,14.35217928,4.349249001
,,0,0,0,
245,4.478434615,895.8161086,0.144242903,14.42429033,4.478434615
,,0,0,0,
383,4.478434615,900.2945432,0.144964014,14.49640138,4.478434615
,,0,0,0,
71,4.521496486,904.8160397,0.145692058,14.56920581,4.521496486
,,0,0,0,
954,4.521496486,909.3375362,0.146420102,14.64201023,4.521496486
,,0,0,0,
556,4.564558357,913.9020945,0.14715508,14.71550804,4.564558357
,,0,0,0,
1239,4.564558357,918.4666529,0.147890058,14.78900584,4.564558357
,,0,0,0,
185,4.6506821,923.117335,0.148638904,14.86389039,4.6506821
,,0,0,0,
772,4.6506821,927.7680171,0.149387749,14.93877494,4.6506821
,,0,0,0,
85,4.693743971,932.4617611,0.150143529,15.01435287,4.693743971
,,0,0,0,
632,4.693743971,937.155505,0.150899308,15.0899308,4.693743971
,,0,0,0,
914,4.693743971,941.849249,0.151655087,15.16550873,4.693743971
,,0,0,0,
1074,4.693743971,946.542993,0.152410867,15.24108666,4.693743971
,,0,0,0,
510,4.736805843,951.2797988,0.15317358,15.31735796,4.736805843
,,0,0,0,
1070,4.779867714,956.0596665,0.153943226,15.39432264,4.779867714
,,0,0,0,
62,4.822929585,960.8825961,0.154719807,15.4719807,4.822929585
,,0,0,0,
83,4.822929585,965.7055257,0.155496388,15.54963875,4.822929585
,,0,0,0,
344,4.822929585,970.5284553,0.156272968,15.62729681,4.822929585
,,0,0,0,
397,4.822929585,975.3513849,0.157049549,15.70495486,4.822929585
,,0,0,0,
912,4.822929585,980.1743145,0.157826129,15.78261292,4.822929585
,,0,0,0,
936,4.822929585,984.997244,0.15860271,15.86027097,4.822929585
,,0,0,0,
481,4.865991457,989.8632355,0.159386224,15.9386224,4.865991457
,,0,0,0,
215,4.909053328,994.7722888,0.160176672,16.01766721,4.909053328
,,0,0,0,
650,4.909053328,999.6813422,0.16096712,16.09671201,4.909053328
,,0,0,0,
504,4.99517707,1004.676519,0.161771436,16.17714357,4.99517707
,,0,0,0,
150,5.038238942,1009.714758,0.162582685,16.2582685,5.038238942
,,0,0,0,
152,5.038238942,1014.752997,0.163393934,16.33939344,5.038238942
,,0,0,0,
490,5.081300813,1019.834298,0.164212117,16.42121174,5.081300813
,,0,0,0,
39,5.167424556,1025.001722,0.165044168,16.5044168,5.167424556
,,0,0,0,
40,5.167424556,1030.169147,0.165876219,16.58762186,5.167424556
,,0,0,0,
125,5.167424556,1035.336572,0.166708269,16.67082692,5.167424556
,,0,0,0,
786,5.167424556,1040.503996,0.16754032,16.75403198,5.167424556
,,0,0,0,
94,5.210486427,1045.714483,0.168379304,16.83793041,5.210486427
,,0,0,0,
941,5.210486427,1050.924969,0.169218288,16.92182885,5.210486427
,,0,0,0,
1222,5.210486427,1056.135455,0.170057273,17.00572728,5.210486427
,,0,0,0,
766,5.253548298,1061.389004,0.170903191,17.09031909,5.253548298
,,0,0,0,
1087,5.253548298,1066.642552,0.171749109,17.1749109,5.253548298
,,0,0,0,
895,5.339672041,1071.982224,0.172608895,17.26088946,5.339672041
,,0,0,0,
1077,5.339672041,1077.321896,0.17346868,17.34686802,5.339672041
,,0,0,0,
144,5.382733912,1082.70463,0.1743354,17.43353996,5.382733912
,,0,0,0,
5,5.425795783,1088.130426,0.175209053,17.52090527,5.425795783
,,0,0,0,
201,5.425795783,1093.556222,0.176082706,17.60827058,5.425795783
,,0,0,0,
693,5.425795783,1098.982017,0.176956359,17.69563589,5.425795783
,,0,0,0,
485,5.468857655,1104.450875,0.177836946,17.78369458,5.468857655
,,0,0,0,
708,5.468857655,1109.919733,0.178717533,17.87175327,5.468857655
,,0,0,0,
1156,5.468857655,1115.38859,0.17959812,17.95981196,5.468857655
,,0,0,0,
348,5.511919526,1120.90051,0.18048564,18.04856402,5.511919526
,,0,0,0,
709,5.511919526,1126.412429,0.181373161,18.13731608,5.511919526
,,0,0,0,
1026,5.64110514,1132.053535,0.182281483,18.22814827,5.64110514
,,0,0,0,
415,5.684167011,1137.737702,0.183196738,18.31967384,5.684167011
,,0,0,0,
724,5.684167011,1143.421869,0.184111994,18.4111994,5.684167011
,,0,0,0,
823,5.684167011,1149.106036,0.18502725,18.50272497,5.684167011
,,0,0,0,
640,5.727228882,1154.833264,0.185949439,18.59494391,5.727228882
,,0,0,0,
675,5.727228882,1160.560493,0.186871628,18.68716285,5.727228882
,,0,0,0,
1177,5.727228882,1166.287722,0.187793818,18.77938179,5.727228882
,,0,0,0,
281,5.813352625,1172.101075,0.188729875,18.87298748,5.813352625
,,0,0,0,
247,5.856414496,1177.957489,0.189672865,18.96728654,5.856414496
,,0,0,0,
981,5.856414496,1183.813904,0.190615856,19.06158561,5.856414496
,,0,0,0,
1052,5.856414496,1189.670318,0.191558847,19.15588468,5.856414496
,,0,0,0,
1016,6.200909467,1195.871228,0.192557307,19.25573075,6.200909467
,,0,0,0,
667,6.287033209,1202.158261,0.193569636,19.35696357,6.287033209
,,0,0,0,
721,6.287033209,1208.445294,0.194581964,19.45819639,6.287033209
,,0,0,0,
916,6.287033209,1214.732327,0.195594292,19.55942921,6.287033209
,,0,0,0,
1069,6.287033209,1221.019361,0.19660662,19.66066203,6.287033209
,,0,0,0,
643,6.330095081,1227.349456,0.197625882,19.76258823,6.330095081
,,0,0,0,
706,6.330095081,1233.679551,0.198645144,19.86451443,6.330095081
,,0,0,0,
513,6.416218823,1240.09577,0.199678274,19.96782738,6.416218823
,,0,0,0,
488,6.459280695,1246.55505,0.200718337,20.0718337,6.459280695
,,0,0,0,
796,6.459280695,1253.014331,0.2017584,20.17584002,6.459280695
,,0,0,0,
638,6.502342566,1259.516674,0.202805397,20.28053972,6.502342566
,,0,0,0,
656,6.588466308,1266.10514,0.203866262,20.38662617,6.588466308
,,0,0,0,
1243,6.588466308,1272.693606,0.204927126,20.49271262,6.588466308
,,0,0,0,
76,6.63152818,1279.325134,0.205994924,20.59949245,6.63152818
,,0,0,0,
557,6.63152818,1285.956663,0.207062723,20.70627227,6.63152818
,,0,0,0,
72,6.674590051,1292.631253,0.208137455,20.81374548,6.674590051
,,0,0,0,
863,6.760713794,1299.391966,0.209226054,20.92260543,6.760713794
,,0,0,0,
1017,6.846837536,1306.238804,0.210328521,21.03285213,6.846837536
,,0,0,0,
859,6.932961279,1313.171765,0.211444856,21.14448558,6.932961279
,,0,0,0,
123,7.019085021,1320.19085,0.212575058,21.25750579,7.019085021
,,0,0,0,
213,7.019085021,1327.209935,0.21370526,21.37052599,7.019085021
,,0,0,0,
1134,7.019085021,1334.22902,0.214835462,21.4835462,7.019085021
,,0,0,0,
992,7.062146893,1341.291167,0.215972598,21.59725978,7.062146893
,,0,0,0,
27,7.105208764,1348.396376,0.217116667,21.71166674,7.105208764
,,0,0,0,
838,7.105208764,1355.501585,0.218260737,21.82607369,7.105208764
,,0,0,0,
953,7.105208764,1362.606793,0.219404806,21.94048065,7.105208764
,,0,0,0,
738,7.148270635,1369.755064,0.22055581,22.05558098,7.148270635
,,0,0,0,
346,7.234394378,1376.989458,0.221720681,22.17206806,7.234394378
,,0,0,0,
1028,7.32051812,1384.309977,0.222899419,22.2899419,7.32051812
,,0,0,0,
181,7.363579992,1391.673557,0.224085091,22.4085091,7.363579992
,,0,0,0,
66,7.406641863,1399.080198,0.225277697,22.52776969,7.406641863
,,0,0,0,
222,7.449703734,1406.529902,0.226477236,22.64772365,7.449703734
,,0,0,0,
956,7.492765606,1414.022668,0.22768371,22.76837098,7.492765606
,,0,0,0,
637,7.535827477,1421.558495,0.228897117,22.88971169,7.535827477
,,0,0,0,
81,7.578889348,1429.137385,0.230117458,23.01174578,7.578889348
,,0,0,0,
1085,7.578889348,1436.716274,0.231337799,23.13377987,7.578889348
,,0,0,0,
4,7.665013091,1444.381287,0.232572007,23.2572007,7.665013091
,,0,0,0,
272,7.665013091,1452.0463,0.233806215,23.38062154,7.665013091
,,0,0,0,
154,7.708074962,1459.754375,0.235047358,23.50473575,7.708074962
,,0,0,0,
270,7.708074962,1467.46245,0.2362885,23.62884997,7.708074962
,,0,0,0,
167,7.794198705,1475.256649,0.237543509,23.75435093,7.794198705
,,0,0,0,
24,7.923384319,1483.180033,0.23881932,23.88193202,7.923384319
,,0,0,0,
285,7.96644619,1491.146479,0.240102065,24.01020649,7.96644619
,,0,0,0,
287,7.96644619,1499.112925,0.24138481,24.13848095,7.96644619
,,0,0,0,
435,7.96644619,1507.079372,0.242667554,24.26675542,7.96644619
,,0,0,0,
977,7.96644619,1515.045818,0.243950299,24.39502988,7.96644619
,,0,0,0,
1099,7.96644619,1523.012264,0.245233044,24.52330435,7.96644619
,,0,0,0,
988,8.052569932,1531.064834,0.246529656,24.65296557,8.052569932
,,0,0,0,
626,8.31094116,1539.375775,0.24786787,24.78678704,8.31094116
,,0,0,0,
907,8.397064903,1547.77284,0.249219953,24.92199526,8.397064903
,,0,0,0,
1019,8.397064903,1556.169905,0.250572035,25.05720348,8.397064903
,,0,0,0,
1212,8.440126774,1564.610032,0.251931051,25.19310507,8.440126774
,,0,0,0,
133,8.483188645,1573.09322,0.253297,25.32970005,8.483188645
,,0,0,0,
258,8.526250517,1581.619471,0.254669884,25.46698839,8.526250517
,,0,0,0,
474,8.526250517,1590.145721,0.256042767,25.60427674,8.526250517
,,0,0,0,
793,8.655436131,1598.801158,0.257436452,25.74364521,8.655436131
,,0,0,0,
449,8.698498002,1607.499656,0.258837071,25.88370706,8.698498002
,,0,0,0,
433,8.827683616,1616.327339,0.26025849,26.02584904,8.827683616
,,0,0,0,
1008,8.870745487,1625.198085,0.261686844,26.16868439,8.870745487
,,0,0,0,
1039,8.870745487,1634.06883,0.263115197,26.31151974,8.870745487
,,0,0,0,
615,9.042992972,1643.111823,0.264571286,26.45712859,9.042992972
,,0,0,0,
469,9.129116715,1652.24094,0.266041242,26.6041242,9.129116715
,,0,0,0,
868,9.3013642,1661.542304,0.267538933,26.7538933,9.3013642
,,0,0,0,
408,9.430549814,1670.972854,0.269057425,26.90574254,9.430549814
,,0,0,0,
110,9.473611685,1680.446465,0.270582851,27.05828514,9.473611685
,,0,0,0,
580,9.559735428,1690.006201,0.272122145,27.2122145,9.559735428
,,0,0,0,
523,9.602797299,1699.608998,0.273668372,27.36683724,9.602797299
,,0,0,0,
269,9.64585917,1709.254857,0.275221533,27.52215335,9.64585917
,,0,0,0,
32,9.731982913,1718.98684,0.276788562,27.67885621,9.731982913
,,0,0,0,
1253,9.731982913,1728.718823,0.278355591,27.83555907,9.731982913
,,0,0,0,
705,9.904230398,1738.623054,0.279950354,27.99503543,9.904230398
,,0,0,0,
127,9.990354141,1748.613408,0.281558985,28.15589855,9.990354141
,,0,0,0,
97,10.07647788,1758.689886,0.283181484,28.31814841,10.07647788
,,0,0,0,
176,10.07647788,1768.766364,0.284803983,28.48039827,10.07647788
,,0,0,0,
996,10.07647788,1778.842841,0.286426481,28.64264814,10.07647788
,,0,0,0,
925,10.11953975,1788.962381,0.288055914,28.80559138,10.11953975
,,0,0,0,
875,10.16260163,1799.124983,0.28969228,28.969228,10.16260163
,,0,0,0,
613,10.24872537,1809.373708,0.291342514,29.13425136,10.24872537
,,0,0,0,
662,10.24872537,1819.622434,0.292992747,29.29927473,10.24872537
,,0,0,0,
746,10.24872537,1829.871159,0.294642981,29.4642981,10.24872537
,,0,0,0,
750,10.24872537,1840.119884,0.296293215,29.62932146,10.24872537
,,0,0,0,
79,10.29178724,1850.411671,0.297950382,29.7950382,10.29178724
,,0,0,0,
305,10.29178724,1860.703459,0.299607549,29.96075495,10.29178724
,,0,0,0,
48,10.37791098,1871.08137,0.301278584,30.12785844,10.37791098
,,0,0,0,
380,10.42097285,1881.502343,0.302956553,30.29565531,10.42097285
,,0,0,0,
1072,10.5070966,1892.009439,0.304648389,30.46483893,10.5070966
,,0,0,0,
1210,10.5070966,1902.516536,0.306340225,30.63402255,10.5070966
,,0,0,0,
46,10.55015847,1913.066694,0.308038995,30.80389954,10.55015847
,,0,0,0,
1223,10.55015847,1923.616853,0.309737765,30.97377654,10.55015847
,,0,0,0,
1244,10.63628221,1934.253135,0.311450403,31.14504029,10.63628221
,,0,0,0,
1020,10.8085297,1945.061665,0.313190775,31.31907753,10.8085297
,,0,0,0,
160,10.85159157,1955.913256,0.314938082,31.49380816,10.85159157
,,0,0,0,
812,10.89465344,1966.80791,0.316692322,31.66923216,10.89465344
,,0,0,0,
60,10.98077718,1977.788687,0.318460429,31.84604291,10.98077718
,,0,0,0,
989,11.15302467,1988.941711,0.320256272,32.02562716,11.15302467
,,0,0,0,
450,11.41139589,2000.353107,0.322093717,32.20937166,11.41139589
,,0,0,0,
717,11.41139589,2011.764503,0.323931162,32.39311617,11.41139589
,,0,0,0,
849,11.41139589,2023.175899,0.325768607,32.57686067,11.41139589
,,0,0,0,
928,11.58364338,2034.759543,0.327633787,32.76337868,11.58364338
,,0,0,0,
394,11.62670525,2046.386248,0.329505901,32.95059006,11.62670525
,,0,0,0,
351,11.66976712,2058.056015,0.331384948,33.13849482,11.66976712
,,0,0,0,
691,11.97120022,2070.027215,0.333312532,33.33125321,11.97120022
,,0,0,0,
776,12.05732396,2082.084539,0.335253983,33.52539834,12.05732396
,,0,0,0,
234,12.10038583,2094.184925,0.337202369,33.72023686,12.10038583
,,0,0,0,
1226,12.10038583,2106.285311,0.339150754,33.91507537,12.10038583
,,0,0,0,
1041,12.22957145,2118.514882,0.34111994,34.11199401,12.22957145
,,0,0,0,
850,12.40181893,2130.916701,0.343116862,34.31168615,12.40181893
,,0,0,0,
1187,12.70325203,2143.619953,0.345162319,34.51623192,12.70325203
,,0,0,0,
329,12.7463139,2156.366267,0.347214711,34.72147107,12.7463139
,,0,0,0,
497,12.78937578,2169.155643,0.349274036,34.92740359,12.78937578
,,0,0,0,
189,12.87549952,2182.031142,0.351347229,35.13472286,12.87549952
,,0,0,0,
1108,12.96162326,2194.992766,0.353434289,35.34342888,12.96162326
,,0,0,0,
1126,12.96162326,2207.954389,0.355521349,35.5521349,12.96162326
,,0,0,0,
1140,13.13387075,2221.08826,0.357636144,35.76361443,13.13387075
,,0,0,0,
473,13.30611823,2234.394378,0.359778675,35.97786745,13.30611823
,,0,0,0,
205,13.60755133,2248.001929,0.361969741,36.19697411,13.60755133
,,0,0,0,
581,13.73673694,2261.738666,0.364181609,36.41816089,13.73673694
,,0,0,0,
63,14.03817004,2275.776836,0.366442013,36.6442013,14.03817004
,,0,0,0,
237,14.16735566,2289.944192,0.368723218,36.87232184,14.16735566
,,0,0,0,
335,14.8563456,2304.800537,0.371115364,37.11153638,14.8563456
,,0,0,0,
971,15.07165495,2319.872192,0.373542178,37.3542178,15.07165495
,,0,0,0,
1165,15.07165495,2334.943847,0.375968992,37.59689922,15.07165495
,,0,0,0,
361,15.37308805,2350.316935,0.378444343,37.84443427,15.37308805
,,0,0,0,
663,15.67452115,2365.991457,0.38096823,38.09682295,15.67452115
,,0,0,0,
1150,15.93289238,2381.924349,0.383533719,38.35337189,15.93289238
,,0,0,0,
826,16.01901612,2397.943365,0.386113076,38.61130757,16.01901612
,,0,0,0,
887,16.32044922,2414.263814,0.388740969,38.87409688,16.32044922
,,0,0,0,
18,16.40657296,2430.670387,0.391382729,39.13827294,16.40657296
,,0,0,0,
9,16.49269671,2447.163084,0.394038358,39.40383575,16.49269671
,,0,0,0,
1204,16.70800606,2463.87109,0.396728654,39.67286544,16.70800606
,,0,0,0,
1148,16.79412981,2480.66522,0.399432819,39.94328188,16.79412981
,,0,0,0,
29,16.88025355,2497.545473,0.402150851,40.21508508,16.88025355
,,0,0,0,
1024,16.96637729,2514.511851,0.40488275,40.48827502,16.96637729
,,0,0,0,
1040,17.0955629,2531.607414,0.407635451,40.76354509,17.0955629
,,0,0,0,
290,17.52618162,2549.133595,0.410457489,41.04574891,17.52618162
,,0,0,0,
324,17.52618162,2566.659777,0.413279527,41.32795274,17.52618162
,,0,0,0,
1129,17.52618162,2584.185958,0.416101566,41.61015656,17.52618162
,,0,0,0,
768,18.04292407,2602.228882,0.419006809,41.90068089,18.04292407
,,0,0,0,
670,18.81803776,2621.04692,0.42203686,42.20368598,18.81803776
,,0,0,0,
163,19.11947086,2640.166391,0.425115447,42.5115447,19.11947086
,,0,0,0,
91,19.2055946,2659.371986,0.428207902,42.82079017,19.2055946
,,0,0,0,
175,19.37784208,2678.749828,0.431328091,43.13280914,19.37784208
,,0,0,0,
142,20.06683202,2698.81666,0.434559221,43.45592212,20.06683202
,,0,0,0,
257,20.1098939,2718.926554,0.437797285,43.77972847,20.1098939
,,0,0,0,
955,20.1098939,2739.036448,0.441035348,44.10353483,20.1098939
,,0,0,0,
184,20.36826512,2759.404713,0.444315014,44.43150144,20.36826512
,,0,0,0,
3,20.54051261,2779.945225,0.447622415,44.76224154,20.54051261
,,0,0,0,
608,20.54051261,2800.485738,0.450929817,45.09298165,20.54051261
,,0,0,0,
148,20.97113132,2821.456869,0.454306555,45.43065552,20.97113132
,,0,0,0,
880,21.14337881,2842.600248,0.457711029,45.77110288,21.14337881
,,0,0,0,
225,21.27256442,2863.872812,0.461136304,46.11363038,21.27256442
,,0,0,0,
1111,21.61705939,2885.489872,0.464617049,46.46170487,21.61705939
,,0,0,0,
49,22.13380185,2907.623674,0.468180999,46.81809987,22.13380185
,,0,0,0,
1189,22.56442056,2930.188094,0.471814286,47.18142863,22.56442056
,,0,0,0,
355,23.64096734,2953.829062,0.475620918,47.56209178,23.64096734
,,0,0,0,
156,24.54526664,2978.374328,0.479573158,47.9573158,24.54526664
,,0,0,0,
1241,25.96630839,3004.340637,0.483754212,48.37542123,25.96630839
,,0,0,0,
1076,27.73184512,3032.072482,0.48821955,48.82195504,27.73184512
,,0,0,0,
100,28.07634009,3060.148822,0.492740359,49.27403586,28.07634009
,,0,0,0,
1098,28.46389693,3088.612719,0.497323571,49.73235706,28.46389693
,,0,0,0,
1250,28.46389693,3117.076616,0.501906783,50.19067826,28.46389693
,,0,0,0,
1185,29.62656745,3146.703183,0.506677206,50.6677206,29.62656745
,,0,0,0,
1118,29.84187681,3176.54506,0.511482298,51.14822981,29.84187681
,,0,0,0,
448,30.05718617,3206.602246,0.516322059,51.6322059,30.05718617
,,0,0,0,
1113,31.13373295,3237.735979,0.521335164,52.13351638,31.13373295
,,0,0,0,
129,32.03803224,3269.774011,0.526493877,52.64938775,32.03803224
,,0,0,0,
835,32.64089844,3302.41491,0.531749664,53.17496637,32.64089844
,,0,0,0,
374,33.02845528,3335.443365,0.537067854,53.70678537,33.02845528
,,0,0,0,
250,34.79399201,3370.237357,0.542670328,54.26703277,34.79399201
,,0,0,0,
253,34.88011575,3405.117473,0.548286669,54.82866692,34.88011575
,,0,0,0,
420,35.61216756,3440.72964,0.554020884,55.40208845,35.61216756
,,0,0,0,
117,35.9997244,3476.729365,0.559817504,55.98175036,35.9997244
,,0,0,0,
1007,36.12891002,3512.858275,0.565634924,56.56349239,36.12891002
,,0,0,0,
390,36.55952873,3549.417804,0.571521682,57.15216819,36.55952873
,,0,0,0,
364,37.67913738,3587.096941,0.577588717,57.75887174,37.67913738
,,0,0,0,
584,38.32506545,3625.422006,0.583759759,58.37597593,38.32506545
,,0,0,0,
1198,38.7126223,3664.134629,0.589993205,58.99932049,38.7126223
,,0,0,0,
6,39.96141656,3704.096045,0.596427729,59.64277295,39.96141656
,,0,0,0,
1025,43.79392311,3747.889968,0.603479358,60.34793582,43.79392311
,,0,0,0,
799,46.72213036,3794.612099,0.611002482,61.10024823,46.72213036
,,0,0,0,
439,50.2532038,3844.865302,0.619094174,61.90941743,50.2532038
,,0,0,0,
482,65.49710624,3910.362409,0.629640415,62.96404155,65.49710624
,,0,0,0,
503,69.7602315,3980.12264,0.640873098,64.08730984,69.7602315
,,0,0,0,
1095,70.92290203,4051.045542,0.652292993,65.22929927,70.92290203
,,0,0,0,
884,79.10465757,4130.1502,0.665030301,66.50303005,79.10465757
,,0,0,0,
134,81.55918424,4211.709384,0.678162832,67.81628323,81.55918424
,,0,0,0,
209,82.07592669,4293.785311,0.691378569,69.13785692,82.07592669
,,0,0,0,
508,103.3484911,4397.133802,0.708019581,70.80195809,103.3484911
,,0,0,0,
78,119.3675072,4516.501309,0.72723995,72.72399495,119.3675072
,,0,0,0,
168,127.1617059,4643.663015,0.747715328,74.77153278,127.1617059
,,0,0,0,
1169,131.6401406,4775.303156,0.768911817,76.89118165,131.6401406
,,0,0,0,
1225,182.3239631,4957.627119,0.798269335,79.82693348,182.3239631
,,0,0,0,
228,225.859515,5183.486634,0.834636879,83.46368793,225.859515
,,0,0,0,
14,250.8354003,5434.322034,0.875026002,87.50260016,250.8354003
,,0,0,0,
779,360.4709246,5794.792959,0.933068464,93.30684639,360.4709246
,,0,0,0,
1141,415.6762436,6210.469202,1,100,415.6762436
